AAAAA	66.5401591548	1.08228952827	1.14945194866	0.111921586698	97.45019337
AAAAC	64.7676836624	1.1089073983	1.14143472395	0.132275055401	133.24368443
AAAAG	65.9041281242	1.29936847418	1.14777641807	0.109011343339	83.12002133
AAAAT	66.2001113623	0.844978695411	1.15227969867	0.13193693053	104.11367061
AAACA	60.108411388	1.18840344588	1.18731724058	0.162356345058	137.49921831
AAACC	59.4537291788	1.77204870754	1.23685938293	0.197960751899	84.2646602
AAACG	59.9605181213	1.54670913216	1.1559972854	0.14372500361	131.12589519
AAACT	59.8503791423	1.15827069671	1.12524774771	0.124744030455	69.22513538
AAAGA	66.9124855011	1.48241715063	1.1875894808	0.152814171649	65.70605719
AAAGC	66.2922444362	1.38501919401	1.20228195597	0.12549348951	83.6136357
AAAGG	66.2748257094	1.63059299099	1.28739260682	0.264879088913	72.39303594
AAAGT	67.0712332922	0.869991578334	1.23716403146	0.160080997279	49.18981813
AAATA	63.9259036964	1.62500744547	1.23735272679	0.189720189576	91.34599269
AAATC	63.3494445459	2.29211852856	1.35773734444	0.269162990246	159.85893774
AAATG	63.5942730689	1.46749307656	1.24744961999	0.169575123774	93.44761216
AAATT	64.4652315794	1.77028121392	1.3406344594	0.294408437888	72.39699717
AACAA	62.0052861031	1.83148130919	1.14577012532	0.130459370519	80.13346394
AACAC	62.1629616777	1.33135091161	1.1355856258	0.156949834398	77.97160375
AACAG	62.2632621831	2.85739166816	1.20477134033	0.197743754096	110.68861088
AACAT	62.7433252809	2.54249013096	1.18174458951	0.174359478565	102.95688447
AACCA	59.3157684175	1.98818395892	1.2050170826	0.259988307625	110.77850799
AACCC	57.8251559967	1.34225716329	1.10300807225	0.149141600365	62.9062557
AACCG	58.6943136149	1.22994359757	1.14481561739	0.155376943768	61.58233136
AACCT	59.0948621837	1.36763813723	1.12982675158	0.136675140559	47.68961176
AACGA	62.5398792028	2.0521044303	1.18520927714	0.1600680697	82.30264548
AACGC	61.8995462147	1.81636246529	1.15064358781	0.224198781614	90.22177559
AACGG	61.435246071	1.84365980803	1.16306688895	0.13960937215	101.82349406
AACGT	62.8746551746	1.97464213155	1.17072129635	0.153013028572	105.92086118
AACTA	60.8010194718	1.38029814576	1.13547984175	0.18312955498	23.70389327
AACTC	60.7660924489	1.69047952337	1.11648862191	0.169386763904	65.76309441
AACTG	60.0816523055	1.04146453173	1.16172650395	0.186989652476	83.40185333
AACTT	59.8778231162	2.09356744826	1.11276275651	0.149210770543	48.41291475
AAGAA	65.8792773178	1.64840886452	1.25950231337	0.198382019535	69.04847069
AAGAC	64.6064878471	1.45982993603	1.18935811258	0.0960950131887	34.04929513
AAGAG	65.7362694226	1.73181672645	1.29637461248	0.285365062362	39.18443046
AAGAT	65.9407285449	1.16224846861	1.25414672529	0.228698811867	54.87185348
AAGCA	60.636303842	1.46221347526	1.2837258035	0.200651942663	92.96540023
AAGCC	60.0272671274	1.43552452652	1.25768953565	0.240812645839	90.53003505
AAGCG	60.3802937191	1.24840098697	1.31361930467	0.311328019974	109.87135823
AAGCT	60.8983241914	1.26706182204	1.30887428091	0.27484936361	55.66039297
AAGGA	65.0616416645	1.46183615109	1.14483665163	0.117353107115	51.48341875
AAGGC	65.2837748223	1.84549102998	1.24264055865	0.162008721176	48.89312428
AAGGG	64.8784181055	1.1157196729	1.15678700953	0.131304653343	49.16403969
AAGGT	65.5297046686	1.27930487764	1.18937904295	0.146635446578	67.34184628
AAGTA	62.5670575936	1.70259501686	1.30502213734	0.206225384645	26.83204057
AAGTC	62.5513391578	2.26020757652	1.44103199751	0.293127562591	27.92964405
AAGTG	63.5185978544	1.97557965056	1.27181689085	0.193689273253	44.39475486
AAGTT	63.4635200791	2.33370924419	1.3689365254	0.230182512771	63.64847453
AATAA	58.5534920078	1.74776706624	1.26643699653	0.273701075251	117.30878531
AATAC	56.5331245826	1.21839135655	1.26212149718	0.250848356863	95.93063008
AATAG	58.3094525167	1.60859650238	1.14635526158	0.121794158959	55.21858835
AATAT	57.9768087386	1.42496089562	1.29321547708	0.276656700165	110.77369867
AATCA	53.1661086224	1.84915443787	1.46366732447	0.373278350736	136.25387582
AATCC	52.0630396224	1.67474121473	1.40366535736	0.346454470396	129.84287103
AATCG	53.8262686726	2.54462951128	1.63075627956	0.469944807521	85.73097993
AATCT	53.0446489961	1.48951258028	1.40283721068	0.344845720706	112.10042041
AATGA	57.6796530851	1.78920752097	1.37424420735	0.326469349623	68.27940276
AATGC	56.2551236351	2.1129881884	1.32503606799	0.261071007015	150.47585235
AATGG	56.8453639094	1.507259529	1.19197772227	0.172580462919	115.07631811
AATGT	56.0620721372	1.6945883217	1.25694188001	0.210255313656	51.426098
AATTA	54.813220166	2.38687077259	1.47639483788	0.364352204044	85.77702095
AATTC	52.5596318493	2.47518064053	1.49074571695	0.370614435872	59.26981843
AATTG	54.2008293645	2.05662846445	1.43079570702	0.302229763883	54.59479424
AATTT	53.2846001492	2.46437604391	1.52591043034	0.377989648857	110.64230953
ACAAA	68.9795439453	1.34593622084	1.27248887515	0.293131613467	83.91495168
ACAAC	67.0852426421	1.41927773172	1.35047789258	0.282692423437	68.8245198
ACAAG	68.0490035407	1.71328369448	1.25342935895	0.199096511896	32.40500499
ACAAT	68.5512073175	0.992889575904	1.29527924265	0.260656021172	59.77966523
ACACA	65.630848466	0.724759035233	1.11202439749	0.160955246802	47.28848527
ACACC	64.4789399777	0.743008882022	1.12515186273	0.106122281952	89.41543855
ACACG	65.3380291324	1.34809909826	1.14497190441	0.141685170248	85.59840795
ACACT	65.734218264	1.03033688019	1.12180087426	0.106304888404	36.65299011
ACAGA	70.210251769	1.72082867174	1.28291175236	0.314708282384	79.49991324
ACAGC	69.4674769674	1.50646790285	1.16828072182	0.138897157673	79.64002775
ACAGG	69.7532203802	1.4948636971	1.18067096025	0.187647068579	104.9710528
ACAGT	69.8585762342	1.58542288464	1.24196360922	0.203072711025	58.53100217
ACATA	68.1190171117	1.52219232411	1.12143646771	0.119874208048	74.18974937
ACATC	67.7738786139	1.78636607458	1.35951094133	0.295176073047	128.6158693
ACATG	67.9628371455	1.98361901572	1.13124775225	0.142818957645	57.83262477
ACATT	68.5053982259	1.98038351101	1.30169772993	0.220099259725	82.37265796
ACCAA	67.3468045626	2.63638167342	1.16795385489	0.199810757682	76.975535
ACCAC	66.0653006682	2.44148808156	1.14958405408	0.191223886545	107.92648011
ACCAG	66.1651572093	2.17190757435	1.21742406532	0.22513372383	134.18644999
ACCAT	67.4981746051	2.65341450628	1.19348933119	0.206923438668	126.04766196
ACCCA	64.3779235802	2.18699716738	1.17469710048	0.210688088129	77.97677073
ACCCC	63.2333262463	1.05577271081	1.21979805739	0.25855712721	19.13840616
ACCCG	64.1712189384	2.03815920601	1.14395757613	0.157076973201	66.7851504
ACCCT	63.9211951908	1.48134136027	1.10536966191	0.122717617822	31.31807678
ACCGA	67.3143747222	2.41744296262	1.32631049376	0.289803131822	92.08879183
ACCGC	66.8502187039	2.4164119071	1.16953309539	0.188311788001	145.3138326
ACCGG	66.6323216907	2.48103688463	1.29838732457	0.319674163394	136.14510641
ACCGT	67.5118361769	2.35034345487	1.24468761108	0.250488192878	82.24225328
ACCTA	65.3354185291	1.25285787366	1.04076352255	0.0494982662437	10.00190096
ACCTC	65.5999506915	1.82864423085	1.16105387563	0.187684677148	54.93116774
ACCTG	65.8386755953	1.96642436922	1.20075440257	0.241694057781	106.59787855
ACCTT	65.4428831281	2.33780549567	1.29947690869	0.29605004077	77.89758997
ACGAA	69.6673167155	2.48407769482	1.25795058877	0.255637690123	92.67832509
ACGAC	68.17209149	1.29706017084	1.1495362726	0.177616206865	67.33974961
ACGAG	68.8915567601	1.70910594122	1.14851103767	0.149028351958	33.55584053
ACGAT	69.4599502405	1.56532435876	1.15006336473	0.143523868803	91.56566937
ACGCA	65.8604733729	1.63238237004	1.14490597634	0.155876540085	104.28567033
ACGCC	65.1346804714	2.19303555915	1.06831379878	0.122589891935	114.96935384
ACGCG	65.4120926545	1.75623228612	1.13920031615	0.13343261968	71.28858491
ACGCT	65.5706665151	1.50785825304	1.128356671	0.139525031735	91.93939443
ACGGA	68.4915970268	1.88863338227	1.23397086733	0.205693557444	99.34063287
ACGGC	67.1441668814	1.91955119045	1.21159317608	0.182847884059	104.72849319
ACGGG	67.7149686379	1.64379652045	1.23093153881	0.197217128454	125.72795818
ACGGT	68.5399409185	1.60285277321	1.24192580991	0.228416647795	88.46071611
ACGTA	64.980127325	2.51414900512	1.30507296231	0.196619665318	33.11438531
ACGTC	63.0632533218	4.36879887113	1.58768666952	0.36581925526	110.84373398
ACGTG	64.4153690921	2.96532510436	1.42253138969	0.305024797977	45.90322166
ACGTT	64.7464040306	3.13638670798	1.57608053569	0.354140743703	76.00298206
ACTAA	63.3725510163	2.02784825925	1.18549933154	0.19369621258	23.69462414
ACTAC	62.3787165306	0.943632496416	1.05432767943	0.114942683164	20.99262729
ACTAG	66.1383166656	0.597510535572	1.21025825479	0.151566102578	4.82903645
ACTAT	62.7194389166	1.11183450365	1.06330944618	0.137899080498	32.74370166
ACTCA	58.6934442819	0.988410924276	1.12442231212	0.159504727857	80.38009231
ACTCC	57.8487571761	1.03884900388	1.12449662272	0.145567788267	61.09815755
ACTCG	58.6920136932	1.50568829637	1.12879491034	0.108943194686	30.14640693
ACTCT	58.6954551834	1.91229851102	1.19753509366	0.230848664677	56.9616184
ACTGA	61.5378038025	1.41425346551	1.11172892092	0.137659609138	92.76124489
ACTGC	60.0541614458	2.02182474898	1.23858592545	0.226022850049	112.37608333
ACTGG	61.3051694737	1.37601973155	1.10855721691	0.146339392111	65.55882409
ACTGT	60.8346300488	1.56619341989	1.14074038622	0.159533776748	111.54463594
ACTTA	57.2602209569	2.55334868053	1.26456080447	0.268265997108	36.05589335
ACTTC	56.5067979827	2.8906910123	1.380241023	0.272762810143	90.99179382
ACTTG	57.7868068368	2.1870881885	1.12650668604	0.138926687973	23.56885117
ACTTT	56.7980687144	2.84502758746	1.31769004854	0.233597401366	73.19013974
AGAAA	75.0613834531	2.69411795055	1.60965652499	0.354866508068	149.45668027
AGAAC	73.2489083782	1.62727488495	1.44562362193	0.261207597862	75.95726039
AGAAG	74.7758340817	2.12113399842	1.50409410925	0.269444719876	63.07414728
AGAAT	75.4790689845	1.90032556657	1.50229820047	0.228862432038	85.73620027
AGACA	65.3792548812	2.21958796868	1.27438184267	0.235917167883	41.23069192
AGACC	63.69662117	2.0946620363	1.29545734295	0.216298070188	35.74655433
AGACG	64.6758201488	1.73266668865	1.23523929964	0.138690046356	56.03212998
AGACT	64.6115342708	1.79611721814	1.28368985312	0.142140523952	37.26809819
AGAGA	74.136725662	1.88287748282	1.54948512057	0.262692684284	88.39730316
AGAGC	72.3156996421	2.22025853961	1.5202586178	0.259520390333	71.06853789
AGAGG	73.3795089568	2.45883267266	1.42588228467	0.156680856222	29.4916578
AGAGT	74.4609310989	1.94965414651	1.69170742593	0.338291297421	28.32983509
AGATA	68.4797849376	2.68110144892	1.4122865193	0.260285536259	102.80523039
AGATC	66.732942643	3.73232084458	1.49147264997	0.240595847644	40.74436388
AGATG	69.032804233	2.50607150236	1.41699469938	0.230515729624	72.42763841
AGATT	70.0558773825	2.99914132432	1.68548461423	0.348194186674	68.63443391
AGCAA	70.8606521079	2.38067830917	1.44937260941	0.314476771877	110.01713595
AGCAC	69.6328466419	2.20854332514	1.4564642236	0.309364155217	123.38249898
AGCAG	69.6182465034	3.26371448021	1.47980094125	0.389023495765	176.29662839
AGCAT	70.6059737597	2.39965459274	1.4278947163	0.320223403491	130.44024299
AGCCA	65.4955281605	1.75896058496	1.21662941763	0.166888700128	135.00547827
AGCCC	63.9857629277	1.60718132962	1.20654403354	0.174690065284	77.54970602
AGCCG	64.8528895808	1.58582229006	1.24858198932	0.245140085284	96.64845767
AGCCT	63.7942904879	2.91599691604	1.22544832222	0.197575648606	97.7957164
AGCGA	70.0040408773	2.5210624829	1.38148665523	0.283366583161	60.54735201
AGCGC	69.8098902933	1.81682397233	1.39842016528	0.294903466695	163.62460613
AGCGG	69.1535444399	1.94171812338	1.33860571974	0.219624238724	118.97791664
AGCGT	69.618259015	1.87192006471	1.38833625618	0.290603444049	139.89757239
AGCTA	68.259730755	1.77077859921	1.32166945706	0.228962107075	17.05938186
AGCTC	67.1246183402	1.84840094932	1.37091169786	0.296914650383	67.85017421
AGCTG	67.6745659046	1.52453989471	1.295976011	0.242838999764	97.64726171
AGCTT	67.8081590494	2.17221156048	1.50006608826	0.347537639454	67.40327318
AGGAA	70.2009083712	3.08935542088	1.47344730175	0.233688105767	85.20989515
AGGAC	69.6409752485	2.26085831047	1.50528028469	0.278931918786	47.58427018
AGGAG	69.7630774968	2.89155151807	1.36194157524	0.205402669312	37.0021899
AGGAT	70.0050477899	2.18605238838	1.4800620463	0.286392916412	49.24469801
AGGCA	61.9250549126	1.99537051512	1.40621466594	0.254735612842	84.36097657
AGGCC	61.3715561068	1.63381981985	1.4107661539	0.274436960935	48.99860542
AGGCG	62.3143759901	2.03129710553	1.44255660092	0.256125004653	78.11495932
AGGCT	62.0795076944	1.97105649001	1.30184991397	0.168964803509	64.50428464
AGGGA	67.5861647614	1.49065871131	1.33012262552	0.167305693796	48.09253327
AGGGC	65.3137710913	1.61380528103	1.4370575645	0.242720702439	46.22081584
AGGGG	68.1254387868	2.11232936602	1.37482177128	0.26988158045	33.9874949
AGGGT	70.3794636225	1.98157877506	1.61771230728	0.300924806421	61.84688105
AGGTA	64.7235679609	2.42761157121	1.39666562905	0.198569686647	55.21617188
AGGTC	64.0520161477	3.21554653623	1.59569879407	0.302754452149	71.17730209
AGGTG	63.6951597819	2.9404367711	1.38772358325	0.220178128523	69.59709971
AGGTT	65.9016088658	2.64846531028	1.55922280085	0.281954799986	67.23661639
AGTAA	54.9219586693	2.45992298303	1.45554036853	0.271652353444	80.95985712
AGTAC	53.7014824326	2.24516705627	1.47545619132	0.324190984234	38.14618784
AGTAG	54.7427278895	2.88835195186	1.37088483635	0.241947536953	30.38040265
AGTAT	54.8132222612	1.98991822524	1.39481812665	0.220491044028	30.40911197
AGTCA	49.1036988608	2.59317105906	1.60933121615	0.425640375068	74.97238699
AGTCC	47.7906167276	2.82666323752	1.49847488161	0.368769373331	54.63778185
AGTCG	48.6401508181	2.32844940455	1.41055895883	0.308860754599	50.10900254
AGTCT	49.1675516407	2.81732558258	1.4995913584	0.296553464872	52.03830914
AGTGA	54.531105893	2.18940058877	1.36627330991	0.211170060199	58.50437811
AGTGC	53.7917472271	2.63005012528	1.51462766293	0.302135994906	71.42269951
AGTGG	53.2079956007	2.62708497271	1.36535252947	0.157498276062	22.37319189
AGTGT	53.6936563993	2.30072500212	1.50311123365	0.298688945878	40.6755091
AGTTA	51.3314583523	2.53434968311	1.49617720489	0.313292554007	38.36333487
AGTTC	49.3544959684	3.10793044637	1.62124528089	0.422072833022	141.9431149
AGTTG	50.1489636706	3.08280500333	1.53616824328	0.320773888206	72.12623905
AGTTT	51.2504686807	2.63881547535	1.61363923666	0.356798376775	52.40220736
ATAAA	64.2807772494	2.00658860035	1.15827144532	0.18586423689	129.32174498
ATAAC	63.3363366068	1.59223249322	1.11040284959	0.114917814307	96.50690353
ATAAG	64.800970123	1.71959272458	1.24931936155	0.300119539209	57.19115756
ATAAT	64.7190952215	2.00844533774	1.15047217691	0.162661334936	115.13837241
ATACA	60.6030927702	1.37745745248	1.09750786207	0.144911182339	82.37830422
ATACC	59.449178766	0.941897687861	1.08232515922	0.122007375945	75.88738466
ATACG	59.6542118093	1.54573511735	1.10050422879	0.138319784534	82.20680219
ATACT	60.0801903492	1.62434982807	1.05065285712	0.09355748566	58.87136124
ATAGA	63.9372990933	2.28958215277	1.17610595843	0.114140022603	34.85620627
ATAGC	64.4791974881	1.31833650363	1.16343520112	0.162386462441	64.03454094
ATAGG	65.0592724263	2.03113794284	1.16355146595	0.178652855426	42.14725945
ATAGT	64.6179256554	1.87976541316	1.21813326725	0.202991951819	58.94740616
ATATA	61.7575153086	1.38866725348	1.11703773508	0.163028990107	55.63831255
ATATC	61.4977355428	1.2870748697	1.13564242345	0.116877968697	105.24258164
ATATG	61.8272734525	1.1108755812	1.09578664822	0.0962036353778	58.19798939
ATATT	62.5071013238	1.46894063314	1.148670337	0.176928274161	124.04001783
ATCAA	60.4852078933	2.58136643514	1.32924788151	0.308447189498	126.58434364
ATCAC	60.0975177903	2.55852686777	1.19093832949	0.179533069717	117.32502567
ATCAG	60.5031428602	2.92758422196	1.30788400957	0.269749334021	173.71612626
ATCAT	60.9127883246	2.76110280452	1.30165107027	0.276557259962	134.85342365
ATCCA	58.0972466088	2.16659610135	1.30602059386	0.324006064673	154.31343725
ATCCC	57.3111613897	2.07996983035	1.22037064582	0.228918428062	153.27365187
ATCCG	57.1249331909	2.79753453727	1.23060546132	0.258429413065	141.81449634
ATCCT	57.9348352329	2.34652118553	1.2833454213	0.279080873611	72.44168849
ATCGA	60.0164188055	2.85889350905	1.2992732349	0.266623889333	102.34683691
ATCGC	59.7546432893	2.26232933402	1.22708134806	0.223957549004	135.81012774
ATCGG	58.6576061773	3.38126029154	1.24799486909	0.229514106465	82.57581033
ATCGT	59.7630903543	2.59304542492	1.24166371806	0.249461466028	94.04548846
ATCTA	58.1009213913	1.08472542385	1.0863700076	0.148712113559	14.88996259
ATCTC	58.5843756964	1.8044948059	1.11343449152	0.123622677487	43.26223386
ATCTG	57.3356194971	2.27880091769	1.14276344403	0.177368516336	145.20661401
ATCTT	58.5233039229	2.01075632216	1.19248292841	0.217572628467	91.11543687
ATGAA	58.0635125026	1.76651286741	1.25695878011	0.194971874575	86.77464104
ATGAC	56.3899816292	0.700790884339	1.21442309703	0.181823000651	96.01993744
ATGAG	57.5566441704	1.38778005742	1.24157185296	0.19055690098	39.64724522
ATGAT	57.7093243381	1.30229081986	1.24201740494	0.216354348012	98.08148344
ATGCA	53.2741942292	1.59080926216	1.4945167047	0.432013342586	121.31700085
ATGCC	52.0007886865	0.874906221561	1.27604100291	0.239436850882	143.18244055
ATGCG	53.0201802119	1.25515275654	1.52128925411	0.503618003188	88.6459905
ATGCT	53.1924394599	1.18653743015	1.36572513159	0.372582468922	95.17469444
ATGGA	57.5720770661	1.40718266262	1.23264918982	0.256487329106	59.90274888
ATGGC	57.5026061431	1.01797227231	1.13864659102	0.127383921863	123.41617179
ATGGG	57.367372649	1.32309727102	1.17607694676	0.164891806053	49.44688105
ATGGT	58.063299037	1.05522271312	1.19659050557	0.17587903853	99.98233397
ATGTA	55.7364878386	0.858228706944	1.11010657321	0.101836079252	40.19494628
ATGTC	54.1661491041	2.27553174887	1.21229648843	0.201130991057	70.34201367
ATGTG	55.7394322999	1.02617897896	1.18837679508	0.183209116536	33.91289997
ATGTT	56.0764616391	0.777404425859	1.15526341368	0.146798244833	79.74462182
ATTAA	51.8734241579	1.37846535733	1.22596383254	0.248239933131	113.40798156
ATTAC	50.9644732025	0.987982373424	1.19080483216	0.234582821021	113.81474652
ATTAG	51.9160347934	1.66733746103	1.31176093718	0.387648487499	39.71885257
ATTAT	51.6588484318	1.08586706633	1.18388441074	0.196515281872	89.07746749
ATTCA	46.8095443203	1.14333053616	1.29070207733	0.261058302528	143.71410804
ATTCC	45.7985401668	1.1880723929	1.27646642435	0.274931895809	85.98859295
ATTCG	46.5821985969	1.10678408939	1.33096100367	0.276793244045	58.99569862
ATTCT	46.5077400439	1.32861728073	1.3387275106	0.334751219141	73.32987374
ATTGA	50.7406785903	1.14193542631	1.07703156243	0.1079956654	66.68313993
ATTGC	50.4631625744	0.971681475055	1.11234437765	0.160251885544	114.70769013
ATTGG	50.6481794147	1.4006493859	1.22990853716	0.344179416159	37.05601268
ATTGT	50.7854642687	0.829678291272	1.14868445331	0.17761209728	44.39871876
ATTTA	47.4923942198	0.895863927733	1.10526200814	0.149756241564	73.07667906
ATTTC	46.1202892345	1.35993803396	1.18846390281	0.199983747707	131.24650119
ATTTG	47.4219048078	1.04663908897	1.21330647482	0.267432960846	118.99244752
ATTTT	46.969491716	1.40542319718	1.1737343866	0.220155608	122.39049975
CAAAA	67.2296463611	1.06783875497	1.25937909945	0.130563296041	91.93674381
CAAAC	64.2757484034	1.07127582257	1.25581740501	0.146611963238	86.5649484
CAAAG	66.6830323941	1.56353870009	1.25288674822	0.118731262148	54.89454477
CAAAT	66.404453572	1.13770710911	1.31469769131	0.175107857386	98.04571178
CAACA	60.8374182046	0.921010096417	1.31979515548	0.200172436343	82.03414705
CAACC	59.8719309622	1.07243322016	1.29727178263	0.188362359374	100.89857325
CAACG	60.6511015846	1.19329481794	1.24705713662	0.151642623041	86.36372192
CAACT	61.1629110281	1.10471589322	1.28706660204	0.168858059987	49.05523755
CAAGA	68.8013912175	2.12934805544	1.2578494686	0.0996805669566	40.44853097
CAAGC	66.6618794283	1.03021049293	1.30275540433	0.153365807047	73.18624472
CAAGG	68.5300001035	0.81825168439	1.37227873662	0.24327439263	19.69469921
CAAGT	68.7808919176	1.10193787392	1.3613698178	0.165653253352	23.60945843
CAATA	64.8744477216	1.67581911381	1.2928869378	0.170415533804	94.70900795
CAATC	63.9832503927	2.18849822503	1.42422794413	0.266787016355	124.28380694
CAATG	64.7808376586	1.4913729326	1.39219583704	0.262423436049	104.92531369
CAATT	64.9159089762	1.63160451078	1.38806367318	0.221225661612	56.48477098
CACAA	68.5748163092	1.99082119146	1.22783957795	0.125051356926	65.88930319
CACAC	68.2087076301	1.2990465188	1.24705922446	0.195738088993	77.17198988
CACAG	68.5226349376	2.02285696428	1.30654753019	0.255390657128	65.64569071
CACAT	68.3081793672	2.21580442437	1.22067328961	0.165828908735	108.55825935
CACCA	65.6312980647	2.40784379706	1.22199668102	0.19479880236	158.87942376
CACCC	64.6137608987	1.97066880301	1.12624593415	0.160831571792	64.88983876
CACCG	66.5455403243	2.91401871675	1.18688500508	0.145036876916	205.69860481
CACCT	64.4366659346	1.07359957977	1.21207596647	0.180408739983	93.44534389
CACGA	68.3311109366	2.21894762767	1.21861327385	0.188255909394	84.00605775
CACGC	67.3005988303	1.81834087545	1.21271705901	0.16276443854	156.52317445
CACGG	67.570188176	1.70399463033	1.19981125832	0.131970441257	162.64752459
CACGT	67.9563790011	1.5934007808	1.41888102943	0.287981270821	52.82334734
CACTA	65.5887952037	1.53036425205	1.14446429881	0.0998904962745	18.45122387
CACTC	64.4700719592	2.39443237857	1.21698637651	0.149739216143	56.683893
CACTG	65.8173647972	0.907151585451	1.22100614999	0.135939665833	97.14054678
CACTT	65.240180368	1.65065426795	1.32608462236	0.274400690916	70.20887882
CAGAA	67.754125674	1.7572507496	1.26795866034	0.226182959461	173.35601067
CAGAC	65.0701078815	2.31311961398	1.29057723261	0.225360314577	95.62636693
CAGAG	66.8808982307	1.87735271343	1.23855405727	0.178284718846	103.21961701
CAGAT	66.9437798216	1.3153804336	1.25690413263	0.160970874965	128.01597888
CAGCA	62.1931588533	1.45559937456	1.31915572491	0.264036330549	289.78472157
CAGCC	61.233163147	1.47313688283	1.29644606658	0.263465227462	215.76419162
CAGCG	62.2029246488	1.71034232519	1.28989720855	0.258344743883	280.77155999
CAGCT	62.3748609996	1.06204562165	1.28605477709	0.229867061065	133.66777071
CAGGA	67.090555371	1.607042998	1.23659326081	0.194558391666	97.17692827
CAGGC	66.1433570525	2.00393717918	1.29657023613	0.211920317687	145.1475647
CAGGG	67.2484217318	1.66284861227	1.20528922934	0.151067504303	86.8031755
CAGGT	66.9325286447	1.6720768551	1.22418268409	0.160721810661	112.82487708
CAGTA	64.6017801464	2.32699552183	1.49041572345	0.377444389186	92.27410761
CAGTC	62.1553220036	4.05002648887	1.67125861103	0.436081079774	108.59300662
CAGTG	64.9384495865	2.9522343007	1.47924142002	0.3351377784	110.19575178
CAGTT	64.5325430484	3.6775088411	1.79523862984	0.515726459476	157.28033519
CATAA	62.703259862	1.39593811304	1.20357880788	0.18033327627	116.89840463
CATAC	60.8022866411	1.55733748551	1.23636104278	0.189876001537	122.69066296
CATAG	62.1015624617	1.35285186759	1.22637392236	0.241981963529	61.34182506
CATAT	62.2485897807	1.75163346794	1.26527532468	0.246184166322	81.20929103
CATCA	57.4588915211	1.97978913996	1.37355798208	0.321434028377	277.17496473
CATCC	56.2097569927	2.0765077293	1.34484335409	0.304083726609	232.20501637
CATCG	57.7515961795	2.22490759036	1.37165745262	0.35126984668	187.25701175
CATCT	57.6078045198	2.59902154938	1.37183656049	0.313361254518	102.16101787
CATGA	60.8931003098	2.10638125732	1.35695345796	0.268490204296	92.57543896
CATGC	59.3373727338	2.65881647322	1.47965990276	0.36539387804	89.62297925
CATGG	60.7026801533	2.02209727008	1.31427264381	0.226853138759	66.51581131
CATGT	59.3626747014	2.28110952228	1.44242455782	0.361596809828	74.33464434
CATTA	57.1149895824	3.378084117	1.52118993094	0.347692441631	125.91787744
CATTC	55.6437964565	4.04593219548	1.73412535881	0.460904261737	125.96395005
CATTG	55.3767325124	2.99151202864	1.66496626688	0.477783781246	83.26589867
CATTT	55.9246055996	3.21858419842	1.69426682056	0.534538693091	145.4922879
CCAAA	69.9773283017	1.05072517344	1.24820631256	0.181262089333	75.49196092
CCAAC	67.1539814683	1.61208603177	1.40005928846	0.237087976765	41.99164912
CCAAG	69.8680429837	1.61960761737	1.42609826738	0.312132676619	27.69310145
CCAAT	69.6575956633	1.29024405537	1.34427896123	0.258121804795	65.17747826
CCACA	66.4406620631	0.922516365604	1.18064313272	0.127839263826	122.93891466
CCACC	65.5668693042	1.60250341962	1.14876914081	0.121978608853	129.3830385
CCACG	66.5866335479	1.22949790589	1.15800312111	0.134345534523	148.34380903
CCACT	66.4519183061	1.02752772724	1.24722543133	0.162405695297	40.21519887
CCAGA	72.079304548	1.03123969579	1.23116850383	0.209962746464	161.86154748
CCAGC	70.7347530156	1.47141838668	1.25377391542	0.242782310982	313.41306592
CCAGG	72.3536877192	1.06302197111	1.21565143444	0.151718380296	74.43745001
CCAGT	71.9435070639	1.13569113372	1.28220204146	0.235125697133	137.74208411
CCATA	69.6316703323	1.79830100194	1.2316732737	0.204703910788	87.34018021
CCATC	68.6741226975	2.08983767614	1.30063997243	0.251730273697	170.528669
CCATG	69.4805343869	1.71564982176	1.25096955756	0.260044843766	93.67150579
CCATT	69.584192554	1.79531781987	1.34813294334	0.29973382535	106.20000651
CCCAA	69.4997956599	2.47963763265	1.18338354648	0.178498475949	29.26097369
CCCAC	69.8622741222	1.14922154391	1.19140521695	0.242628765163	68.24447401
CCCAG	69.946076582	2.33463349336	1.18521179086	0.166207072701	120.32945728
CCCAT	71.2199692462	1.8619132547	1.15204696127	0.154040001997	100.23625723
CCCCA	68.2128545841	2.88977789412	1.07168661092	0.101202850989	63.22654919
CCCCC	66.4631226209	1.30931703851	1.07473467514	0.135763646459	57.26212805
CCCCG	67.8534065777	1.66834401028	1.13259752735	0.205216716484	90.09995254
CCCCT	67.5071775163	1.43348003831	1.09979882861	0.136323324901	65.14730722
CCCGA	70.3427820603	2.43840014161	1.22366843063	0.226152677694	53.89792315
CCCGC	70.2321809473	1.43009620066	1.25988360964	0.244497064468	106.61394286
CCCGG	69.9757171894	2.18712123505	1.18232328565	0.186101841324	141.83220337
CCCGT	70.5212306854	1.85310916454	1.29233666126	0.239401414522	113.87588103
CCCTA	68.3619369561	1.04621380662	1.26020362096	0.243175433835	4.70352146
CCCTC	67.8296080901	1.20534006115	1.18634107517	0.213568554613	57.3479666
CCCTG	69.0320473263	1.61297987027	1.24022092487	0.263121959739	85.91276937
CCCTT	68.9658762184	1.30026050522	1.36335435958	0.389145843966	80.37736087
CCGAA	71.2634503036	1.80085072286	1.13518695161	0.124159776698	46.34697439
CCGAC	70.2033923912	1.07895696248	1.13436273133	0.119789315774	80.31045692
CCGAG	71.5422212613	1.14720809898	1.12299083067	0.150406131257	35.08376327
CCGAT	71.1346155448	0.793380868516	1.15150093312	0.175688013301	66.2837467
CCGCA	67.1767654323	1.46058339446	1.12679979431	0.13681562964	134.21074296
CCGCC	66.2562586671	1.60244280916	1.11708714737	0.158717413658	190.97201916
CCGCG	67.093872752	1.16612966142	1.10147842062	0.117108575096	95.68211
CCGCT	67.2205078826	0.944833228064	1.11211779991	0.127218857466	108.56999235
CCGGA	70.8761509584	1.20898208065	1.18649340463	0.183765096352	196.87192297
CCGGC	69.4963838446	2.10636955396	1.29370823926	0.22329710355	256.17836511
CCGGG	69.6612472693	1.14866294568	1.29029756548	0.276151291721	105.31623047
CCGGT	70.4898329583	1.49115008676	1.34298456072	0.308762101088	141.76294531
CCGTA	66.8795449366	3.10231206517	1.5636131821	0.36732092092	66.90600626
CCGTC	63.9135305528	4.39488307093	1.87279380174	0.516015104949	132.60774694
CCGTG	66.613616832	3.26852460656	1.61443507889	0.408068061804	101.62653444
CCGTT	65.673868301	4.30781199693	1.77637380243	0.535222868461	128.56624018
CCTAA	65.4464784262	1.42528220332	1.09304403236	0.0824534353076	14.62407354
CCTAC	62.8928853523	1.23353951156	1.10886985326	0.18691402438	12.17993749
CCTAG	64.4904382722	0.538420599878	1.12809442334	0.104782146447	6.00041869
CCTAT	65.2758077531	0.842584552363	1.28580634452	0.238875869114	13.41938409
CCTCA	61.1476079471	1.11192794979	1.17445262546	0.213565513521	92.12123706
CCTCC	60.307433175	1.25625239044	1.23064668844	0.224293360766	140.21140894
CCTCG	60.8312594731	0.68580086778	1.12740887325	0.184619443745	45.49310442
CCTCT	60.6810452388	0.979616263087	1.13249920136	0.169160419731	55.17411014
CCTGA	63.2847867188	2.00614218568	1.31608122507	0.301876116524	146.18770132
CCTGC	60.9045447349	2.81589763705	1.42938202937	0.335732963653	214.76614387
CCTGG	61.9844388593	1.94374447665	1.21389866404	0.220503666324	36.88639271
CCTGT	62.4172450779	1.99705757637	1.26750360399	0.257750721056	133.78597864
CCTTA	58.8312248035	2.66026128847	1.44480138562	0.330026241974	83.1261499
CCTTC	57.6104515687	3.40914801384	1.62876969149	0.467828007511	125.74710237
CCTTG	58.775890808	2.96790609449	1.40503695613	0.292168632144	44.73764084
CCTTT	58.4493936523	3.94754395683	1.462572796	0.325914039082	116.60042333
CGAAA	74.2000002359	2.14745425365	1.43791614591	0.254988457963	65.33976769
CGAAC	72.02702106	1.50461839534	1.41371489495	0.282459222129	65.36792871
CGAAG	74.4482657511	1.46108808494	1.3490595822	0.18544906318	73.25604422
CGAAT	74.3270347889	1.73859931337	1.44965105084	0.280304649167	54.0161602
CGACA	65.0105019822	1.17968225829	1.16093695641	0.11288300638	59.15896994
CGACC	64.5376429273	1.34123199711	1.2128815312	0.158474443281	73.93514251
CGACG	65.386184404	1.37118743359	1.16343854582	0.139691587324	84.4177812
CGACT	65.8172004782	1.80941639282	1.15609310806	0.095508986439	37.6041316
CGAGA	73.855943495	1.66774545193	1.38700253982	0.246222291525	45.48119727
CGAGC	71.3215670692	1.91850221087	1.43011701253	0.281478405209	53.51715509
CGAGG	72.4396698858	1.54572684818	1.29166255795	0.195946738469	35.70694253
CGAGT	73.235265343	1.45367942095	1.43756021537	0.343614735765	39.89260908
CGATA	68.4750861974	2.3105180187	1.45996612886	0.283492395155	94.96729501
CGATC	66.9965949494	2.93602669785	1.60163256932	0.251855569057	45.97014825
CGATG	68.7023832596	2.21997889406	1.46658149664	0.304721710249	123.16675958
CGATT	68.6505548981	2.8704561129	1.56232215746	0.30499465711	60.76285617
CGCAA	72.8655094494	2.22011397223	1.43840222906	0.339631068934	72.875483
CGCAC	71.7300915731	2.00027443403	1.33298586887	0.215333703348	121.33468626
CGCAG	71.663661771	2.41340744209	1.42939007951	0.343972903667	187.55612797
CGCAT	73.5819388778	1.72796549243	1.38231085474	0.260332667322	123.29863023
CGCCA	67.9872968864	1.72339940449	1.13291993814	0.120971537559	174.50983553
CGCCC	67.0928735688	1.84055057008	1.10881561089	0.103746002777	120.15539228
CGCCG	67.5659010028	1.53822149967	1.14631694291	0.137123496228	167.57247655
CGCCT	67.1635118291	1.93562662215	1.15082125184	0.169930825925	125.80533487
CGCGA	71.4803909475	2.73349936694	1.48938669717	0.412271215673	58.71049749
CGCGC	71.7891809718	1.89745016989	1.39304880931	0.272648587177	116.77483778
CGCGG	71.2508625108	2.1914900227	1.29329730807	0.200882572545	90.15662322
CGCGT	71.4095078541	1.72885692098	1.49358171446	0.381779542908	85.10202744
CGCTA	69.5951717439	1.87273838115	1.3351437328	0.259787912543	25.552544
CGCTC	68.7925004487	1.86653526872	1.31882621961	0.275403910943	96.4441583
CGCTG	69.592313218	1.61090314887	1.3719431236	0.269728081598	230.64229271
CGCTT	69.4971153613	2.13177700732	1.52964920712	0.413489402194	112.23275283
CGGAA	66.0492342412	2.41235356728	1.44478160824	0.210366084571	121.14883542
CGGAC	62.5279090681	2.40674432886	1.53884196031	0.341158671943	95.92926367
CGGAG	64.2793406713	2.00401967507	1.44973705752	0.255235807984	78.84302959
CGGAT	64.660550566	2.02055671924	1.4960751187	0.27362190117	148.43402737
CGGCA	59.2352490236	2.10677037523	1.56689780623	0.370616244089	257.49386316
CGGCC	57.7686101692	1.78336703198	1.6234363218	0.444994768554	77.9630791
CGGCG	58.8759326074	1.91906904815	1.53316233064	0.319709177054	169.96040782
CGGCT	59.4221284262	1.76754725168	1.45500616111	0.325328399807	141.25394054
CGGGA	63.5880567866	2.6310077825	1.58515643198	0.389121045559	112.54897733
CGGGC	60.7757657986	3.46020498582	1.59294876169	0.329752884155	138.10089258
CGGGG	63.1169336753	1.9208221272	1.46888762861	0.236192897519	51.3023406
CGGGT	63.0940553008	1.7019909156	1.52045978825	0.265616947197	100.46448848
CGGTA	59.5414265035	3.95916108599	1.61025652544	0.345576440055	111.91952385
CGGTC	58.427188285	4.28098786458	1.8636274738	0.506487350311	132.85647544
CGGTG	60.2092936031	3.3495756346	1.67829702158	0.395243610222	150.00769502
CGGTT	61.6449053419	4.01100439727	1.75817120567	0.425276031048	127.61674168
CGTAA	52.0263686423	3.12699946815	1.70415449317	0.479497031799	100.20314687
CGTAC	50.7958421235	2.5241332519	1.65065142128	0.452313656749	53.34935991
CGTAG	50.4674724981	2.31861537349	1.48729039865	0.289677026286	28.33509617
CGTAT	50.600329936	2.00439937908	1.63439211841	0.350375448451	53.9960086
CGTCA	46.0391380848	2.67945231439	1.77608153554	0.542517991515	198.02909756
CGTCC	44.2419936353	2.07148087239	1.75497908027	0.544140878176	130.82505575
CGTCG	45.4222897778	2.46070221295	1.70532447484	0.483466843459	131.91084483
CGTCT	45.7631834784	2.30937979535	1.70624576425	0.545872328317	91.53449167
CGTGA	51.0824034145	2.2534292974	1.73835647189	0.468842088583	94.12607838
CGTGC	48.3906307991	2.57978690322	1.62382551241	0.402334146418	107.45839633
CGTGG	49.8970495323	2.74602154091	1.75827720786	0.529785453725	116.23601879
CGTGT	50.0628983266	3.1905217692	1.77289819777	0.477205715349	74.36242324
CGTTA	45.8996199624	2.05361512778	1.67578757937	0.501321262086	90.43601801
CGTTC	44.1498256309	2.73322931604	1.71963034583	0.547699203011	133.25133834
CGTTG	45.9224943006	2.5736207686	1.72452695117	0.483641547767	101.80581351
CGTTT	46.366579335	3.14580121047	1.78255944845	0.542569126488	140.46123129
CTAAA	68.1537520701	1.90205588658	1.27774486999	0.273487764332	41.62877568
CTAAC	66.9068047767	0.723470596161	1.11028546294	0.0938520606769	27.12488865
CTAAG	68.5059727861	1.33207968303	1.18944766132	0.276755929018	8.11568009
CTAAT	68.7345436343	1.2815155626	1.24142882011	0.177844570605	20.63900326
CTACA	64.1576347796	1.47012847151	1.11469341947	0.15324088742	21.21875752
CTACC	62.4590237373	1.5285485442	1.04237181627	0.0815026066127	24.70707021
CTACG	66.6162910938	1.93692036313	1.12635033671	0.0862893097383	12.30079491
CTACT	62.274015029	1.26799530436	1.09113720821	0.161423387185	23.99101482
CTAGA	69.3933019067	1.8499806168	1.22381620008	0.202102989983	4.4623447
CTAGC	66.8417414195	0.976965670341	1.28117898786	0.263613055087	9.04528039
CTAGG	68.7125741633	1.08788153549	1.32410976152	0.307828591356	6.90816534
CTAGT	70.1004141204	1.83662397967	1.24202228697	0.129604389077	5.97395179
CTATA	64.8416473408	0.808520769425	1.09483552654	0.15143372699	22.23673863
CTATC	64.0439193585	1.48038673056	1.16079963657	0.175150796673	32.97294209
CTATG	64.51849369	1.69184747601	1.12509184502	0.181274112803	15.07665851
CTATT	65.4852634659	0.890284392045	1.24202386583	0.194058924508	29.63354477
CTCAA	64.6975954364	3.35065531103	1.25526953832	0.240856266143	105.17896285
CTCAC	64.991251966	1.78813914123	1.20908875094	0.197525769992	102.9498406
CTCAG	65.545709769	2.37707948817	1.41956255964	0.369251004893	62.92003506
CTCAT	65.2516591317	2.55653300375	1.23552426428	0.234248019042	89.32816056
CTCCA	62.5217511178	2.81181765279	1.20489668364	0.230373561484	97.85808586
CTCCC	62.050076611	2.20244271126	1.18373825132	0.252030226399	47.97373187
CTCCG	62.1132926991	3.21046333148	1.17462924038	0.172399770359	119.37274267
CTCCT	61.9790743205	2.1398654302	1.21784096919	0.246336150499	96.70368695
CTCGA	65.1426500028	2.23984222306	1.32256662721	0.23904725053	20.89671091
CTCGC	64.362692692	2.24136459378	1.25539233674	0.246502800021	68.01682797
CTCGG	63.544287147	2.10975691618	1.22758342763	0.15926457548	37.49651083
CTCGT	64.8550846991	3.09143655552	1.29390453807	0.226063053527	47.3729268
CTCTA	61.6810240269	2.34719317231	1.2248533596	0.157074483967	12.22244555
CTCTC	61.7307436554	1.67071712644	1.16611899382	0.209965975424	65.26734905
CTCTG	62.26839949	2.32004199355	1.34655837712	0.351658672082	128.39479264
CTCTT	62.4617179915	1.92679975789	1.21562896676	0.228303199779	108.99131018
CTGAA	59.0790489348	1.80548275328	1.26447894231	0.178885551842	140.79743273
CTGAC	55.8783577755	0.756390733341	1.27381551778	0.189218526725	178.17082266
CTGAG	58.1800767551	1.30072171101	1.31533503403	0.263696409202	79.0448182
CTGAT	57.7801046759	1.23880852411	1.30604026737	0.223385823608	138.09448156
CTGCA	53.2062647114	1.1600442604	1.44812013196	0.341030347231	247.84876483
CTGCC	51.9110037457	0.962521268363	1.42747044784	0.358748503778	248.54101529
CTGCG	52.6993958347	0.946842726689	1.43480082405	0.369671638479	225.41298878
CTGCT	52.9612931521	0.930691592173	1.3156745215	0.253538291268	225.9550088
CTGGA	58.9432173489	1.38767825174	1.22134596986	0.171099309957	69.08147185
CTGGC	57.843811117	0.742110795962	1.1482986178	0.110602445299	168.88133884
CTGGG	58.6104038186	1.29049716125	1.23945886207	0.216586621728	40.87688566
CTGGT	59.134624615	0.967814094312	1.16168851766	0.123054850326	89.17842699
CTGTA	56.4402752852	1.04468880001	1.14151460213	0.154717367198	78.47397999
CTGTC	55.0560662551	1.70772627016	1.32718662967	0.254547335163	165.4937564
CTGTG	56.1284351203	0.838314512759	1.18931626223	0.183984043273	98.21658122
CTGTT	56.4332980125	1.48570888269	1.29311404529	0.286740798611	158.69811766
CTTAA	52.6310863662	1.44250052766	1.27347657045	0.268539214027	58.26380352
CTTAC	52.3111610004	1.35657648842	1.2359669286	0.250201214721	63.09673797
CTTAG	52.0302793922	1.38811486089	1.21473748884	0.212847780459	19.06903795
CTTAT	52.1026512524	1.20841915956	1.19701563617	0.195344531698	64.59651807
CTTCA	47.1254411242	1.14159197711	1.4687785414	0.412721062534	191.07468025
CTTCC	45.7136112067	1.03116113115	1.4109114304	0.352638655344	152.33502694
CTTCG	46.5767275385	1.11805269338	1.47486583026	0.393746418139	99.42020744
CTTCT	46.8245123478	1.38907658491	1.47016882689	0.428122387981	102.66019656
CTTGA	51.7528903146	1.00331073308	1.17985835294	0.179009884386	32.83977488
CTTGC	50.9296740529	1.53723114233	1.20207192517	0.162837178186	34.70596016
CTTGG	51.0657530288	1.46176496694	1.22446095932	0.175367947118	28.73466748
CTTGT	51.1109816182	0.8993873321	1.1376365423	0.1653513985	44.60041472
CTTTA	47.4359456319	1.24330401532	1.20290535896	0.245555834336	86.92046544
CTTTC	45.8532477686	1.49641641823	1.33878350842	0.369979751642	166.54398212
CTTTG	47.3584615352	1.34301690267	1.27348388309	0.308554813645	107.9500525
CTTTT	47.212638224	1.6109159819	1.21859566741	0.198665651316	109.38453148
GAAAA	70.7007386959	2.23133023493	1.39891979345	0.240504849702	153.0302075
GAAAC	68.9936077802	2.65146289184	1.46154710403	0.248943764056	108.93446223
GAAAG	70.1174919699	2.71715825239	1.38323858426	0.22892881944	83.41905892
GAAAT	70.7421593974	2.95157204414	1.4864191136	0.270916514727	103.22434856
GAACA	63.8088712613	3.11940395707	1.49706959689	0.272733326809	118.65270819
GAACC	63.1333232717	3.37370672881	1.70329520543	0.435692371788	41.03407681
GAACG	62.6803275706	3.30170634472	1.52576299328	0.332773675338	99.83737532
GAACT	63.8866349205	3.35012081238	1.54304384359	0.352610040894	79.52734577
GAAGA	71.4042452423	2.32123444096	1.45892161514	0.244764234428	74.31178561
GAAGC	70.7241793203	2.95509763253	1.57367870571	0.321752403759	102.56723011
GAAGG	70.3517231002	2.4070132049	1.44990587159	0.292559993746	86.16814079
GAAGT	70.9162723656	2.35938912829	1.62849618402	0.381028052545	50.26139795
GAATA	67.5433208337	3.28572461522	1.69064807918	0.400411107447	97.09814585
GAATC	67.4939179236	3.46302410997	1.70970035545	0.382963361561	60.40722485
GAATG	67.5603448729	3.22853845628	1.63748978189	0.352824796038	119.77302966
GAATT	69.0050295851	2.87036224502	1.85252967268	0.486876213469	71.16347997
GACAA	64.90021683	2.08088353596	1.17085827341	0.137452509563	41.22216423
GACAC	64.6771825217	1.53447359261	1.22635358406	0.205928144269	55.00668891
GACAG	64.838938113	1.504482549	1.13612257547	0.139504166787	82.03914335
GACAT	65.6505471694	1.44974963734	1.20102311112	0.207976314217	61.82034449
GACCA	60.8148503341	0.725442981427	1.13821725358	0.140031344287	87.66754011
GACCC	59.4867263944	1.52407733332	1.1853361266	0.139972013628	19.19226637
GACCG	60.4998876108	0.711536497227	1.17179480097	0.176011261476	70.84133003
GACCT	60.7874622537	0.704420718495	1.20586075826	0.231868428717	51.6717786
GACGA	65.0128075501	1.47192506537	1.19359330787	0.206175235973	79.40237415
GACGC	64.0910860173	0.875931493176	1.18240444147	0.145689349776	66.85205092
GACGG	63.9036435955	0.932000967758	1.15955226966	0.139146292427	89.25368252
GACGT	64.1680246014	0.857286774703	1.17685372833	0.114190335659	74.71652652
GACTA	63.601937553	0.933456537445	1.26768837293	0.248868863943	13.10066915
GACTC	62.3908139468	1.34597809387	1.18182272263	0.171441368287	54.82961364
GACTG	61.9380757562	1.60626277397	1.13090340354	0.137268564561	75.59756744
GACTT	62.942388698	1.45830027518	1.34654030325	0.281296233199	59.67237341
GAGAA	69.0844587705	2.05163481978	1.36039891874	0.23869113742	88.33412923
GAGAC	69.1145401108	2.03241683245	1.63653924189	0.339414787373	25.4729324
GAGAG	68.2749049684	2.29624385016	1.36288943532	0.179790282741	46.39354028
GAGAT	68.3922157112	1.71084623243	1.34253061581	0.194322982925	63.92783314
GAGCA	62.8322790033	1.63053668834	1.42855805838	0.275323222186	111.22603092
GAGCC	62.1183824693	2.28840044474	1.42268017709	0.275790434977	90.31105991
GAGCG	62.4571938684	1.85735865925	1.37735590405	0.278634772343	60.6780931
GAGCT	62.4646046535	1.72099608854	1.46690488383	0.353658266741	22.12764309
GAGGA	68.0740234482	1.60036991357	1.40052726658	0.285315242456	32.2211612
GAGGC	69.3613998119	2.9181063225	1.53350272181	0.297534046958	38.39249235
GAGGG	67.5537088563	2.21288366022	1.3330511737	0.163561016917	39.88867242
GAGGT	68.5377410418	2.43491309749	1.51187647756	0.328699527198	40.48706593
GAGTA	63.9861652737	2.57049505255	1.58416981697	0.293810904301	35.39369108
GAGTC	65.7181118285	3.78801939644	1.64467763423	0.419462718489	56.17210522
GAGTG	65.4916529803	2.45970805992	1.52446510265	0.238394272778	29.6743143
GAGTT	65.9386069807	3.20448949647	1.65747223908	0.295450475875	52.65559323
GATAA	59.5701924275	1.70502012788	1.34424235646	0.255456351771	137.65289643
GATAC	58.036018518	1.52808959775	1.33836497375	0.276906973861	83.5989852
GATAG	59.1736154382	1.96467952921	1.32688406898	0.249278906543	60.81401047
GATAT	59.1650396831	1.72827002079	1.38709089402	0.309146276788	124.50114605
GATCA	53.8367117602	2.4054029912	1.54566022284	0.396122756022	85.21052993
GATCC	52.3848792656	2.21801693186	1.5073618125	0.35709807116	56.98528263
GATCG	53.3128863971	1.35190543174	1.46618793299	0.361552766824	68.06841613
GATCT	52.9887401207	2.1407022732	1.47688016276	0.370675445589	41.69154971
GATGA	58.9627535561	2.25826326727	1.46017529751	0.354019851469	100.9717461
GATGC	57.4328060376	3.08208041921	1.57935853274	0.352403892394	120.64479884
GATGG	57.510238431	2.3230471213	1.41533915392	0.310876118321	106.97713277
GATGT	57.1443421995	2.14920695614	1.42694183917	0.274393481531	75.92834367
GATTA	55.2990241786	3.0921249752	1.66692988868	0.451659457863	77.49171629
GATTC	54.1429407066	3.4447536731	1.72619202177	0.421668320749	79.70112674
GATTG	54.7353593738	2.82918653928	1.59988570928	0.430171309396	79.98580571
GATTT	55.0257093887	3.4111004567	1.82097851743	0.493890628419	134.83726534
GCAAA	70.8352422121	2.01380128954	1.35828004865	0.230468046702	102.98563079
GCAAC	68.6229284237	2.44460036208	1.5074739328	0.320455442374	130.86575096
GCAAG	70.6957805987	1.95860784989	1.3582474326	0.195903599573	68.57490987
GCAAT	70.9985032245	2.17370026709	1.35124460888	0.197022627691	120.61066898
GCACA	66.6104646934	2.30119384446	1.40844675737	0.351591122255	79.41235881
GCACC	66.1419802031	2.63558180823	1.39958993921	0.308147800396	135.99386602
GCACG	67.398434586	2.48726400626	1.3914781487	0.302310945789	95.84168149
GCACT	67.5729132415	2.58160934389	1.34748209715	0.218356502356	92.28934702
GCAGA	72.3727066329	1.7160368159	1.26218913915	0.200856142046	180.59100268
GCAGC	71.6777721011	2.44170600204	1.36524410705	0.260159818198	262.02569255
GCAGG	72.0026449227	1.33950380088	1.31665325257	0.243265175419	119.4964687
GCAGT	72.5850542278	1.72540143225	1.40718660373	0.334366139331	122.75496262
GCATA	69.8624031674	2.17709582317	1.32981528668	0.245920154872	118.82767915
GCATC	69.2093038988	2.7741812722	1.47383623268	0.324724408302	237.51694445
GCATG	69.6233642914	1.97412153535	1.47630985954	0.343145057224	71.19805964
GCATT	70.2196853635	2.67410881906	1.66812069684	0.535131447818	143.70917694
GCCAA	67.8231239993	2.14038515279	1.22926687332	0.200639613909	60.91504684
GCCAC	68.5545865459	1.14724206433	1.09516913482	0.11067867222	147.07256425
GCCAG	68.8951206314	1.64521401279	1.17099274714	0.201802485423	209.43530449
GCCAT	68.6962534218	1.92617929904	1.18651413764	0.173053170811	135.05181694
GCCCA	65.8723418055	1.35565004016	1.12559749781	0.15153243921	81.82074782
GCCCC	65.3653934681	1.05048352992	1.12680199641	0.16987433675	93.80226447
GCCCG	65.8133178171	1.0843459759	1.12147684306	0.14970144319	112.40537136
GCCCT	66.4017736286	1.30896723305	1.13598635668	0.156788092894	81.36383908
GCCGA	69.0491876625	1.36877786681	1.11258351361	0.134767870651	48.3822633
GCCGC	68.5188863169	0.946213441364	1.1838960341	0.2090589549	177.46948069
GCCGG	68.1577456542	1.49465369935	1.14619611806	0.151802955545	168.21104141
GCCGT	68.5321977431	1.1370006298	1.36452431009	0.327949434093	117.64259376
GCCTA	67.6186013251	0.761926151728	1.16365443505	0.162743150893	16.59297121
GCCTC	66.5053462627	1.40871911654	1.18698785993	0.169631096315	115.62424546
GCCTG	67.2118548804	1.08894351379	1.21446058473	0.203948557415	161.34557629
GCCTT	67.2815637119	1.0911398595	1.22184780013	0.209765263317	102.52758249
GCGAA	71.5202570459	1.42591531445	1.19565363524	0.13987105875	66.35731548
GCGAC	70.7094033929	2.03202203608	1.29874517675	0.250911538789	65.22085744
GCGAG	70.7813378582	1.60700273664	1.19867209571	0.151022615899	40.93972121
GCGAT	72.2054598724	2.05958194378	1.36206918298	0.227663631015	73.31793799
GCGCA	66.897372934	1.50434043676	1.22412772499	0.180955349946	145.46712273
GCGCC	65.7376187277	1.56059171258	1.2748255665	0.220997591414	169.81951493
GCGCG	66.5766274054	1.49966903365	1.24229519197	0.21709729044	82.20815462
GCGCT	66.7544508323	2.2444824624	1.22330545752	0.141337828166	118.05994817
GCGGA	70.3235938561	1.55747447658	1.26512910294	0.141640516677	85.30585396
GCGGC	69.8663540442	2.69626418419	1.59600322447	0.423647778444	186.94980143
GCGGG	69.7095900247	1.49683898938	1.35642990789	0.284318175065	96.12991673
GCGGT	70.5016525639	1.84535824128	1.53875003288	0.374220948521	173.56761598
GCGTA	67.1483154926	3.16167617882	1.70713333655	0.418460837013	71.68151415
GCGTC	64.3385088798	4.40715259089	1.90972392685	0.578955129334	141.6019621
GCGTG	66.4250864152	3.25371221899	1.66773889159	0.429771129799	150.2381151
GCGTT	65.2485286545	4.38731296986	1.9175693875	0.517635608051	117.88344402
GCTAA	64.6576539966	2.10261688724	1.26432514825	0.277218304241	46.56728869
GCTAC	63.9430891427	2.57299820103	1.36045664086	0.267859394817	34.27820418
GCTAG	63.5596644569	2.04556859299	1.29160788969	0.156321338028	7.82537225
GCTAT	64.0302249869	1.87237416112	1.2880708962	0.193303207143	22.27806521
GCTCA	60.1602635889	1.84232610693	1.36793768456	0.351286848618	142.67033706
GCTCC	59.2078296466	2.34325596302	1.4479439637	0.38993432059	87.35953347
GCTCG	59.9145710239	2.00172027351	1.29725905821	0.235523293563	55.98620269
GCTCT	59.9269564541	2.1513569704	1.3744975635	0.344056093399	133.29608607
GCTGA	63.5155300059	2.63729918977	1.42206446068	0.323002821164	180.38663618
GCTGC	61.9219055083	3.40447655048	1.52948036189	0.395399034708	228.39051663
GCTGG	62.0166064544	2.48565071986	1.35211048215	0.283760610123	179.9095138
GCTGT	62.0134342642	3.32745699122	1.49940779439	0.347287342274	147.76856213
GCTTA	60.2302219056	3.31125833534	1.410791717	0.246504608238	59.61837982
GCTTC	58.1535986791	4.31390282035	1.84919006868	0.551979405718	141.31324658
GCTTG	59.5016766902	2.82358813061	1.61730163578	0.405164699064	50.26323341
GCTTT	57.6519942489	3.8335095302	1.75184386677	0.506219898552	158.75566387
GGAAA	78.9053006781	3.17261250979	1.79425561921	0.371825553907	129.17769578
GGAAC	76.6197314214	3.36246754138	1.71399223412	0.280369780211	100.92551705
GGAAG	78.634395786	3.36120946778	1.70563845115	0.256990447923	81.11770039
GGAAT	78.9772154824	3.09225279337	1.84886334717	0.392220423739	98.48547994
GGACA	65.7638759046	2.751230184	1.44788876569	0.253874748822	57.35844908
GGACC	62.9702348522	1.60007009968	1.40211001798	0.155002161403	22.84221069
GGACG	64.7485937277	2.39318644514	1.32510704428	0.192121443283	52.74956514
GGACT	67.2614495236	2.4963785593	1.55968577231	0.292268201505	53.4304184
GGAGA	77.1668800111	3.03006181358	1.7922213743	0.350084677735	53.91175774
GGAGC	75.1344370797	3.18551324304	1.79359480123	0.382627960757	47.54196293
GGAGG	75.5089437127	3.76349471084	1.81778999641	0.37556160066	60.5415691
GGAGT	77.0758581205	3.71902136865	1.80573224443	0.340886147782	56.634928
GGATA	70.8976919713	3.65105032957	1.71488019075	0.377359567362	73.79589329
GGATC	70.7483239645	3.6415273187	1.92649557192	0.445569006667	61.56562186
GGATG	70.5740886389	3.32418512626	1.77293135397	0.339128560683	82.33600361
GGATT	72.5055841934	4.26655641613	1.92351797501	0.384851469064	102.09393006
GGCAA	73.8956001286	2.5342531944	1.6429998496	0.388629668411	144.56556306
GGCAC	71.8556610685	3.09981251656	1.55863882797	0.383390500032	86.64029517
GGCAG	72.914390923	3.28193942912	1.73198431188	0.412251137417	162.42324137
GGCAT	73.5736190233	2.55302573104	1.58884215054	0.333221197348	169.68409212
GGCCA	67.9052048618	2.56551808177	1.33670445278	0.199419008605	97.96930562
GGCCC	66.4388312709	2.23853341984	1.42069087793	0.235175305689	47.00901706
GGCCG	67.417649719	2.75956698322	1.4063762193	0.249397074709	41.243161
GGCCT	67.3203167686	2.08521328228	1.38015345823	0.259190590306	78.23937779
GGCGA	72.2377102189	3.44919864556	1.75911017424	0.426559172487	74.96724557
GGCGC	72.0784129143	3.21633397508	1.6553716506	0.431040134268	103.21629497
GGCGG	72.5786484141	2.98331676929	1.589926728	0.315779240105	162.08383255
GGCGT	72.0350050441	2.98456404326	1.63563837387	0.373746843369	161.16576909
GGCTA	70.1924938339	2.87822032106	1.41124513216	0.218344091411	22.25095159
GGCTC	69.6461981476	2.72265440352	1.53788070065	0.323753019943	69.89599356
GGCTG	69.6337779053	3.2972792662	1.7154018815	0.462655379176	190.8813715
GGCTT	71.0422943953	2.69551855812	1.69964616436	0.439294540019	110.82782023
GGGAA	70.9798087586	4.07150418876	1.72225024637	0.31176510364	104.42778007
GGGAC	71.7689482612	1.58517258034	1.59367241233	0.207516803962	12.14863541
GGGAG	70.5958013688	3.40449131148	1.64924595997	0.241609729107	37.40133956
GGGAT	70.8635141848	3.74353156437	1.58999012157	0.244990872142	78.09249897
GGGCA	62.0899374774	3.57377742343	1.66239582018	0.32785119154	108.11038939
GGGCC	59.1116175385	2.84308918261	1.54890472091	0.242416017844	30.5703407
GGGCG	59.7621016349	3.08115115432	1.67088045172	0.329992155906	78.33297974
GGGCT	63.4853690274	2.85760357882	1.61165145405	0.198920445555	45.80752761
GGGGA	68.1831680735	2.85209216964	1.53988016895	0.232809488342	44.11156402
GGGGC	68.1699327108	3.19028431299	1.43810386483	0.244421236764	24.05790806
GGGGG	67.6397974361	2.64898973229	1.60859840394	0.290920034697	19.78565402
GGGGT	70.3676639857	2.64939666882	1.77585427224	0.350823886312	40.51329177
GGGTA	64.7944825522	3.6097372562	1.69577798283	0.37257493077	52.31540726
GGGTC	58.8562288615	4.31261135377	1.76213906353	0.390596198528	58.03283358
GGGTG	61.3502508719	2.54514822471	1.68027267184	0.310719202643	42.67428301
GGGTT	64.3438511534	4.30708807555	1.87245128119	0.475417494233	83.19376601
GGTAA	58.075083499	3.69889140788	1.62511034623	0.371927307219	100.0038145
GGTAC	55.0024869527	3.51325336668	1.43846599657	0.30831361626	46.08805643
GGTAG	55.5688447925	2.82688123332	1.6564626474	0.395514514032	34.21182662
GGTAT	55.509670571	3.85762048619	1.49448887717	0.214688745156	90.7596828
GGTCA	49.6825891207	4.10518057088	1.63138169769	0.406293965917	206.81560015
GGTCC	48.4044412428	3.40391965428	1.5731039879	0.295108276645	42.83693338
GGTCG	49.3681409212	3.12296108579	1.59550479084	0.371928093911	52.98434904
GGTCT	50.4085490637	2.80046833026	1.61482083131	0.318919291429	65.80451841
GGTGA	55.8911908631	4.01730964675	1.49088594523	0.254263750349	118.55781142
GGTGC	54.6298545176	2.96732256825	1.52777120767	0.286743205653	96.33919296
GGTGG	55.2311503176	3.65923667207	1.47173726462	0.237037241009	79.36584998
GGTGT	54.9750860649	3.56655063599	1.47235867326	0.25746093664	67.35543295
GGTTA	52.4998236348	4.33483605039	1.62571495864	0.267463630088	85.65420045
GGTTC	50.339644356	3.05335855006	1.72628682648	0.42166094698	62.51866757
GGTTG	52.1553032449	3.94583067222	1.65154876801	0.313867895837	99.11089691
GGTTT	51.625587089	3.35651792645	1.70612414998	0.359101059162	125.51879811
GTAAA	62.5276356608	2.49235090126	1.43486778046	0.327790334464	106.92323321
GTAAC	62.4016378374	2.46228621836	1.27730712924	0.177442582791	56.64811772
GTAAG	63.1898976852	2.41800128973	1.37168615268	0.272593917961	50.17139859
GTAAT	63.382963991	2.08680393014	1.40270575965	0.312800707192	119.5158521
GTACA	58.5960348418	1.53243089681	1.39458708238	0.346117848459	47.38348937
GTACC	57.4779853147	1.7961870768	1.20897615282	0.158990172652	58.37975643
GTACG	58.6627773021	1.51795850919	1.2442658148	0.198456391273	48.25599942
GTACT	59.1742148558	1.4652233928	1.4151492225	0.336818798069	40.17055018
GTAGA	61.5703098485	2.20952868182	1.47363797067	0.341673755522	23.53070865
GTAGC	63.2580997463	1.76435901227	1.25548834637	0.14786270941	49.8560805
GTAGG	62.2689847981	2.20212873887	1.42016012948	0.304344896575	33.71754123
GTAGT	64.0875884915	1.48112761202	1.39376534466	0.236391801409	25.95226265
GTATA	60.3501946946	1.53510126628	1.30998410984	0.215335781623	22.89928557
GTATC	60.1877157776	1.60140648186	1.26827121359	0.206825853649	85.12312745
GTATG	59.734093304	1.31270218658	1.32116563243	0.296508635176	45.75081864
GTATT	60.2573408518	1.84480247474	1.31846367238	0.260937727319	76.94171198
GTCAA	57.689011859	3.0316260272	1.60342003324	0.427935002669	59.70622435
GTCAC	57.7422432412	3.25809106822	1.5256936478	0.382451929641	109.74655857
GTCAG	56.7137240444	4.30566139524	1.58404226117	0.386604934836	231.30482855
GTCAT	57.4319479496	3.33527893295	1.53470013628	0.387749395411	179.28710376
GTCCA	54.6936105077	2.83090003477	1.39471804521	0.304854661178	87.30594352
GTCCC	53.1630478878	2.6994710857	1.36381260483	0.247351734504	47.94308776
GTCCG	53.9766438051	3.53307922083	1.61460777781	0.433473125708	132.46673637
GTCCT	54.3875218752	2.4581727658	1.57540662974	0.424342028166	61.19029119
GTCGA	58.8583610433	3.44905320457	1.51879538244	0.384185587216	64.98528582
GTCGC	57.5628680992	3.58931538922	1.58697279331	0.422276445321	127.68620577
GTCGG	56.0591382699	3.17930428646	1.63383210898	0.405185200019	88.20608906
GTCGT	56.3424818817	2.65058077176	1.64697473965	0.419596972744	60.44794175
GTCTA	55.4150939235	2.38159062905	1.44917907361	0.299136796655	6.6655432
GTCTC	55.5487440035	1.8271371483	1.35328549126	0.289640263117	47.92192608
GTCTG	54.7436593423	3.1402614391	1.34638987466	0.245777258749	133.31363093
GTCTT	56.0546178991	1.66244226316	1.32477259463	0.239093066526	68.68172938
GTGAA	56.702305838	2.53282006745	1.44255636202	0.319495243826	93.67315176
GTGAC	54.8000847773	2.13872770391	1.2896068633	0.188563012773	76.28229707
GTGAG	56.2709278051	2.0567480737	1.4218124341	0.32309637879	47.2433415
GTGAT	56.8026713158	1.80722610213	1.32036113759	0.219330779166	106.66526685
GTGCA	51.6911257782	2.01651491776	1.61521251486	0.381425308466	60.85552349
GTGCC	50.9854604288	1.74316388001	1.433450353	0.301892707504	90.79204337
GTGCG	51.5262811622	1.97797639937	1.29287383944	0.24568980679	75.19858749
GTGCT	52.4129849071	2.11380090168	1.36878120441	0.276581459543	86.88419288
GTGGA	56.8498979045	1.62725165898	1.32588086547	0.22157592737	47.64580037
GTGGC	56.129837845	2.30110913442	1.23085292788	0.121535384294	88.07578655
GTGGG	55.863312998	1.92870892694	1.39877763314	0.250604893336	32.81743366
GTGGT	56.4216321556	1.61008993853	1.36774093909	0.27026849196	87.41876708
GTGTA	54.0232376437	2.16241437166	1.2842597824	0.222767272433	35.9577528
GTGTC	52.5716284275	3.23288231593	1.32004083543	0.294489983786	60.14253753
GTGTG	53.5802652367	2.23182079702	1.21819009606	0.124854977495	48.42053053
GTGTT	54.438156953	2.06556709053	1.32226743199	0.23593852598	82.91108006
GTTAA	50.5015349109	2.36490582431	1.26847324619	0.214193399324	88.8422004
GTTAC	50.8304753443	1.52131824726	1.29983157198	0.238381427391	50.91524024
GTTAG	50.1264835229	1.39158051663	1.3174937705	0.246393132823	28.80162116
GTTAT	50.230406776	1.76561092541	1.25248611083	0.208603413329	105.00006308
GTTCA	45.5644848253	1.53990164735	1.29605258603	0.252508934285	176.89752303
GTTCC	44.7016593721	1.62730592823	1.27046894391	0.260416314979	94.62918968
GTTCG	45.4624170561	1.71893909867	1.2878649476	0.28116132141	87.2790707
GTTCT	45.3694113348	1.54510429567	1.33670505525	0.356327242266	121.8441605
GTTGA	49.5584164434	1.6216680113	1.17037145276	0.174115451438	80.36663616
GTTGC	49.4446817638	1.74975766176	1.16733449255	0.161393340251	114.94001867
GTTGG	48.9763032842	1.38010947614	1.19084655787	0.171023059552	63.39889975
GTTGT	49.7017222481	1.96208932099	1.10721799529	0.131869509861	87.10529396
GTTTA	46.0622112937	1.5180987989	1.29437091656	0.302113991017	58.13963083
GTTTC	44.8403190751	1.78299491934	1.14481489028	0.177650433833	101.13026989
GTTTG	46.4213535782	2.17261443021	1.17914694891	0.196233763592	64.81931413
GTTTT	45.8973048067	1.79370498534	1.1743804858	0.178557430874	195.29425484
TAAAA	67.886906859	0.769220026385	1.15273039236	0.156739928563	95.42492414
TAAAC	65.9366427281	1.01128108306	1.2431126813	0.20250366273	92.07252432
TAAAG	67.057460028	0.818599546823	1.1349417287	0.110671404127	61.3646634
TAAAT	67.2077379682	0.97376944795	1.17622701179	0.138484837189	106.00853924
TAACA	61.8846136859	1.5619035885	1.1288684419	0.151652321661	61.33152282
TAACC	60.5520068981	1.2046354345	1.13871575992	0.163313056329	75.84321485
TAACG	62.1146102459	1.66065875838	1.1294260207	0.137899256623	67.65467303
TAACT	61.807565031	1.17701860659	1.09639288105	0.11466985372	40.03555256
TAAGA	68.9804451668	0.945208805018	1.13082089737	0.150050499556	22.85115341
TAAGC	67.8592254854	1.34682275416	1.17865640961	0.1556960941	67.66147427
TAAGG	68.2739893533	1.06151255392	1.12938009854	0.124961556634	45.97773109
TAAGT	69.1563086379	0.956431755354	1.07793953535	0.0856066373028	28.30576008
TAATA	65.8027040423	1.12368038304	1.26879811876	0.261268595838	76.88663693
TAATC	65.4065953183	1.78399338016	1.33007497907	0.268241128251	102.07224738
TAATG	65.3509687161	1.6730808287	1.20527196568	0.169225128075	100.44575629
TAATT	65.8967822286	1.92473576408	1.27582261035	0.195972323568	94.21053472
TACAA	67.4652492273	1.95355984559	1.13517373899	0.127493577319	42.10780194
TACAC	67.1992918029	1.25903443135	1.16474647057	0.162792148882	43.51788322
TACAG	66.6321226661	1.8245197678	1.23080066947	0.253986036371	63.31627334
TACAT	67.8710177597	1.62572842971	1.17603612475	0.168791578651	62.36096652
TACCA	63.1001161298	1.31247135775	1.08335923372	0.148352524916	71.08456366
TACCC	62.2049003831	0.86701091166	0.993405679765	0.111974013255	42.90067112
TACCG	63.059757974	1.2468369089	1.05391513822	0.125091689562	102.84039778
TACCT	63.1561537781	1.33832521072	1.05443400363	0.109070533097	43.70664159
TACGA	66.3982332534	1.42012168409	1.23150754465	0.246849284961	47.55891941
TACGC	65.742739759	1.36562109242	1.13534237648	0.194242916477	82.48690656
TACGG	65.8275464208	1.50552857638	1.23477613082	0.26354902776	52.06000238
TACGT	66.0113190435	1.83404991816	1.26082051114	0.25193053962	47.82911859
TACTA	65.1391852176	1.30831836681	1.17702330068	0.231113087086	21.16119815
TACTC	64.3751220014	1.47584046453	1.15766656285	0.185970381587	40.70092681
TACTG	64.7748493776	1.28981297406	1.14491828527	0.19136545586	117.23170874
TACTT	64.0419613677	1.81205347474	1.13994958181	0.193978670193	31.20902553
TAGAA	67.2559940069	1.60592443088	1.22327081594	0.171070906857	34.16567699
TAGAC	65.2344718152	0.871394008438	1.21002251547	0.127968163879	13.12415889
TAGAG	67.4734507844	1.34210108835	1.25066783824	0.241670128258	26.18521494
TAGAT	66.752503175	0.920668740872	1.24056535669	0.250302557075	22.17138044
TAGCA	62.1003036374	1.00946210671	1.1759117163	0.184359201371	45.13408776
TAGCC	61.2529095055	1.06404563107	1.16118920111	0.147821848398	44.71012181
TAGCG	62.0708033913	0.895870133376	1.2048041953	0.171120280579	47.04958856
TAGCT	62.1592676012	0.941920010101	1.22919640601	0.153170167342	41.22783037
TAGGA	66.6389165151	0.914706051923	1.1598461362	0.19895662164	21.00451281
TAGGC	65.3141432415	1.39450307318	1.17169447023	0.125045110357	25.73606811
TAGGG	66.0079583516	1.190601343	1.15148900852	0.138826390628	16.59857731
TAGGT	65.2777533982	2.89408492659	1.24998190382	0.229865299815	33.18089816
TAGTA	64.3682405479	2.1075329915	1.26389005625	0.18901669916	19.79650567
TAGTC	62.714772633	3.53432494339	1.33206228387	0.212314039365	31.79017769
TAGTG	64.4278139314	1.88575010804	1.20226500393	0.124388586621	18.61128144
TAGTT	65.6024500521	1.38034366385	1.34840569254	0.273068880255	44.23215438
TATAA	61.5274331919	1.35777828949	1.06072280572	0.0962347508033	43.21359722
TATAC	59.995614056	0.765791604503	1.14949202278	0.157366311433	37.33212037
TATAG	61.1649036299	0.922166334208	1.12307308754	0.126981757924	28.35327253
TATAT	60.8561777613	1.43068160968	1.10297773101	0.108378819576	46.5880381
TATCA	56.2490171277	1.60766820146	1.21670295957	0.202583271253	75.86303773
TATCC	55.1937991453	1.50128718516	1.13513063178	0.141515080416	130.79056468
TATCG	55.9941465611	1.52151075775	1.14662501924	0.148098904844	87.60847931
TATCT	56.0816221936	1.01339949674	1.15976803424	0.189033196206	66.24267281
TATGA	60.474439695	1.74371286854	1.12743417666	0.151390458936	55.25509117
TATGC	59.06942253	1.94512925381	1.21637859598	0.251737788366	71.69191197
TATGG	59.8631933383	1.52887640398	1.1081934232	0.138187103663	38.0272812
TATGT	60.0339134183	1.90250614212	1.24084515885	0.248332516199	39.5650633
TATTA	56.8667914899	1.98601138142	1.2200132299	0.218309488709	68.97491324
TATTC	55.660961579	2.26453230712	1.30482171478	0.220392085234	91.4954914
TATTG	56.8037560556	1.84567156599	1.20718143859	0.148100713061	72.36456432
TATTT	56.6443847708	2.55604915941	1.35787739613	0.300922458087	111.66774998
TCAAA	68.1188325754	0.999244184338	1.26484163497	0.206930295804	100.63502835
TCAAC	66.1897323948	1.17436344998	1.23061291939	0.155599847631	108.84275686
TCAAG	67.7700030194	1.11910885764	1.29121646582	0.224003987309	35.75057039
TCAAT	67.9419045581	1.20563112387	1.24004615888	0.160035885782	121.33202625
TCACA	64.6586412482	1.16618533146	1.17236816843	0.176925690994	69.0858845
TCACC	63.4386308503	1.09870860497	1.14108686433	0.125314945676	198.62928285
TCACG	64.421457714	1.01377395909	1.12654564873	0.12800888399	122.0702441
TCACT	64.6247184154	1.13544060348	1.14047060778	0.142777521291	83.3242553
TCAGA	69.924422918	1.25832209284	1.26860645267	0.250158756842	96.04180228
TCAGC	68.3553438836	1.76409466996	1.29952568736	0.291985779117	280.46223749
TCAGG	68.8509698574	1.45066747	1.29788634605	0.295282851794	144.68604915
TCAGT	69.5105359232	2.19369891526	1.24031278997	0.208088705482	139.97037206
TCATA	67.4777451307	1.52859728561	1.23686856528	0.276871924976	130.0047846
TCATC	66.8965232264	1.78428537675	1.33301475589	0.29799015213	238.68725365
TCATG	67.2235096342	1.60088731657	1.22757853522	0.211462075532	112.59521745
TCATT	67.8735229085	1.69543519614	1.36461702695	0.314313057772	132.77700902
TCCAA	67.0184815151	2.52211961116	1.27962163336	0.168627934997	29.59634245
TCCAC	66.2137016052	2.39929014678	1.30168679212	0.298640100531	118.42818305
TCCAG	66.8878677739	2.40232279324	1.43079345298	0.386475776466	213.27551706
TCCAT	67.5820280462	2.57503801994	1.42021930581	0.429126723466	89.01356784
TCCCA	64.4715373008	2.01579931073	1.28345087297	0.31314506689	86.7530353
TCCCC	63.4896113627	1.96095599286	1.25002679764	0.274364397414	112.99915574
TCCCG	63.752463984	1.70328244243	1.24362284217	0.223517036771	150.98717422
TCCCT	63.5535371404	1.4323675262	1.19303544861	0.178303810802	51.73168175
TCCGA	67.2850227799	2.76201158477	1.30865066354	0.257849116251	46.1623962
TCCGC	65.6152480199	3.18173012046	1.36472752684	0.330581047623	101.31286758
TCCGG	66.1400076765	2.93112035392	1.46883903692	0.401893211485	247.99836088
TCCGT	66.7941378629	2.20055450886	1.34737787119	0.280839294369	124.81022085
TCCTA	65.3952773462	1.76949345877	1.3455564928	0.199217944247	11.79644526
TCCTC	65.5663617049	1.64214307812	1.18754458698	0.191520762929	96.68793457
TCCTG	65.3322926446	2.20660222415	1.20577226902	0.21390896911	167.45986384
TCCTT	65.0365191435	2.3086949906	1.33087160035	0.292378185728	95.2903255
TCGAA	69.0635994768	1.4182660613	1.22045116801	0.208024349389	39.32083058
TCGAC	68.0542974845	0.629076366504	1.12186618948	0.167136825098	40.42557958
TCGAG	67.8547682049	2.12073325246	1.40766234115	0.373131168903	58.71825972
TCGAT	68.3588173214	1.72099114813	1.23383530294	0.239471629708	85.17971583
TCGCA	64.6445544143	1.05169132576	1.12258720175	0.18910999847	88.6812129
TCGCC	63.8906899615	0.980711980798	1.10745616523	0.154989539108	139.21037444
TCGCG	64.2515058686	1.17589963278	1.17566974461	0.202502699913	88.10585421
TCGCT	64.7204538659	1.19685670633	1.114834915	0.181410997192	124.85911417
TCGGA	67.6442708975	1.61967810865	1.30116109188	0.264298698165	47.33876094
TCGGC	66.1356880348	1.94150955654	1.28143910613	0.226503518794	83.66986694
TCGGG	67.4793889719	0.995383430981	1.2037281458	0.17158636617	71.56745669
TCGGT	67.5663251878	1.67492794132	1.34761057742	0.345366968663	94.18064687
TCGTA	66.0587635129	2.10526217808	1.3369249228	0.253759386915	44.53842126
TCGTC	64.9529791774	1.64162567511	1.52028100239	0.444535739707	97.86402693
TCGTG	65.8067311483	1.57600624331	1.47930615355	0.356667468896	46.45652311
TCGTT	65.4965454895	3.01029649458	1.44486737601	0.32548485756	118.19073148
TCTAA	63.1407810964	1.44436005156	1.12306938967	0.157908882262	11.02678091
TCTAC	61.8967275435	0.636587303103	1.0914970963	0.126761625095	19.10231287
TCTAG	62.5943818379	0.681712644475	1.09146003449	0.171117509545	8.54013596
TCTAT	62.6282421722	1.17013207515	1.08690538879	0.143631821717	31.05491235
TCTCA	59.1651646801	0.823507954283	1.09488824199	0.1638833375	59.86100552
TCTCC	58.1267152506	1.66295452994	1.13607421229	0.176783886845	83.9333821
TCTCG	59.2233936708	1.25288259079	1.2069450968	0.250818791338	38.49825398
TCTCT	58.8381190408	0.681571631784	1.0474202421	0.0938261820362	65.12314448
TCTGA	61.5810787096	1.3245856312	1.13220513747	0.169795843687	97.32773125
TCTGC	60.0934976088	1.42622839817	1.25217931213	0.246966126319	302.26798143
TCTGG	60.8243108811	1.63442834941	1.07060923185	0.143311015809	103.09106279
TCTGT	60.7172240076	1.53542242336	1.13492300044	0.168055199817	93.91571134
TCTTA	58.0633566351	2.04073228847	1.2840336617	0.273617897261	36.3201424
TCTTC	56.4852977833	3.02525778744	1.26511444649	0.211036980111	148.06849716
TCTTG	57.9996989973	1.78585703112	1.19435683527	0.117126492884	26.79186095
TCTTT	57.9915261091	2.6412518981	1.32226692302	0.25815214527	167.08704981
TGAAA	73.3372215027	2.86795147326	1.7614730623	0.469802111005	105.95218882
TGAAC	70.7736165454	2.97520292135	1.67971669268	0.411327631588	91.52238059
TGAAG	72.4246451007	3.11127335992	1.84970466492	0.450577145947	102.75210804
TGAAT	71.6850135839	3.79127954297	2.00091841798	0.622774255082	116.00458064
TGACA	62.7605433969	2.19225970316	1.34316034466	0.244943271412	89.89601366
TGACC	62.5129874174	2.21201236989	1.39482888787	0.290407252485	82.48441936
TGACG	62.0035423945	1.85195813829	1.32134861475	0.223784101055	110.74070542
TGACT	63.4390756551	1.90385044704	1.34233738124	0.228540581122	72.15602695
TGAGA	71.531181952	3.07728142386	1.8762832111	0.396537096073	43.88479933
TGAGC	68.6589520352	2.98842045869	1.70608486529	0.425050062609	96.91057193
TGAGG	70.4901338981	2.74551296438	1.68401597749	0.330259020582	39.38064436
TGAGT	71.1890243493	3.26651299922	1.82430442061	0.438115359326	52.22758052
TGATA	67.0878084547	2.41824132159	1.57091342481	0.319310617807	115.63851906
TGATC	66.4432666059	2.34821484405	1.66941093206	0.399929757686	79.0387175
TGATG	66.718940407	2.58135551502	1.62927017141	0.369979188041	145.3292732
TGATT	68.3419845774	2.82747453496	1.78041371686	0.457841047901	129.98693526
TGCAA	69.4009247607	4.34986998844	1.82524559128	0.485677541604	118.82429402
TGCAC	68.0211601326	4.02166930668	1.73992911647	0.502399217842	93.93255225
TGCAG	68.6876775365	4.37297951634	1.80069449673	0.478028371974	189.14815827
TGCAT	68.7606764888	4.41731607833	1.86900667217	0.509842591222	144.3780539
TGCCA	64.1872338397	3.78327262187	1.64055918158	0.42998543876	168.97445073
TGCCC	63.0039178825	3.29632037388	1.4863783643	0.302238863677	141.72199956
TGCCG	63.2792310388	3.24196612694	1.61163874002	0.438813495541	218.4187014
TGCCT	63.4124155167	3.19660260636	1.57041012993	0.3314690349	100.58211283
TGCGA	68.7639796182	4.19383355664	1.81000641279	0.428608070419	68.57309359
TGCGC	66.598845888	3.97389564696	1.90536595391	0.540365872562	128.29116694
TGCGG	66.8775197006	4.42171550257	1.87711513874	0.58545794798	172.06370303
TGCGT	67.5552607608	3.98879271443	1.7836374092	0.496790292533	101.55566122
TGCTA	67.1485665047	3.55257430818	1.67030833072	0.42027388002	45.99547902
TGCTC	65.507525946	3.52107164829	1.60599935067	0.424080059767	168.29654878
TGCTG	65.2771566794	3.81406437417	1.78768806408	0.548875342611	240.23690271
TGCTT	66.4070940751	4.0361207126	1.79855659714	0.505696948054	106.29332736
TGGAA	66.6783621807	2.46293445198	1.53038254909	0.267228925847	76.55506076
TGGAC	63.8501576621	0.970538687844	1.37030745939	0.21193735485	30.66958222
TGGAG	66.0807822015	2.56327398876	1.54194815175	0.299007685252	51.85135464
TGGAT	65.596837792	1.88633080258	1.39016844773	0.176371355012	40.88343813
TGGCA	60.0056255014	1.85420456595	1.40820613603	0.234438973821	108.98457477
TGGCC	58.4606042761	1.22604919517	1.32205648711	0.201521413326	120.72137779
TGGCG	59.5601017463	1.62539334006	1.38355426409	0.22711982731	131.96965377
TGGCT	59.8075559054	1.32118612882	1.3422684928	0.229630395965	118.83338901
TGGGA	64.9412650973	0.83616129024	1.4324881481	0.154470733419	26.85477679
TGGGC	62.3862272068	1.39881191312	1.35265925254	0.166545925556	58.2021195
TGGGG	64.1964711794	1.76714167074	1.42916793714	0.28102491843	29.29018975
TGGGT	64.5361740346	1.30198023647	1.38921696249	0.14630591661	46.53531057
TGGTA	62.6804180159	1.6973774268	1.35741975335	0.156938961612	52.86572627
TGGTC	61.7750787881	1.02267364928	1.42102513022	0.252221275111	75.11904293
TGGTG	62.4957149229	1.45604590972	1.38347457288	0.243748767839	115.93196843
TGGTT	62.9724034915	2.07492968854	1.48418826864	0.307741503389	83.63043875
TGTAA	53.7178709401	1.78735682354	1.25083608102	0.134209624692	59.56012792
TGTAC	52.108599004	1.00453228074	1.32663175156	0.23668992241	51.88201376
TGTAG	53.0252839613	1.34159935008	1.32566121605	0.213819321459	39.74181369
TGTAT	53.4151325121	1.44608955821	1.26554015878	0.183752509282	70.48849016
TGTCA	47.08457473	1.42710566822	1.35279966779	0.236760572039	117.00889579
TGTCC	45.6489152532	1.47093228301	1.35953435426	0.253971582375	95.47220563
TGTCG	46.7761899399	1.34908425913	1.43722510094	0.314792329258	98.80808598
TGTCT	46.5415197693	1.76380600213	1.35292666268	0.270061697668	67.9025029
TGTGA	52.6743897409	1.39098360006	1.25778079829	0.136355203535	56.43831019
TGTGC	51.1749740254	1.6291385811	1.34926984153	0.24920977159	53.35501992
TGTGG	51.7498095639	1.54946979975	1.3112443362	0.167772660012	53.8842187
TGTGT	51.9122619308	1.15102264138	1.22006617387	0.153421333405	56.84073273
TGTTA	48.11054626	1.59179639619	1.27734608154	0.178796913975	77.98657958
TGTTC	46.9823991508	2.01334884997	1.3360956543	0.264993769804	152.13306229
TGTTG	48.0428116002	1.68639023065	1.35586313634	0.287635513865	113.21823004
TGTTT	48.8422075708	2.42971917021	1.38018749735	0.246028718353	134.06943027
TTAAA	62.7747250084	2.97685458634	1.53369155217	0.391578213098	91.98307737
TTAAC	63.0018297693	1.93097844501	1.35162857468	0.325366759843	75.08051283
TTAAG	62.9152480075	2.43549681954	1.48496894544	0.388440557074	63.3215471
TTAAT	63.7457128423	2.81163077557	1.49604273116	0.372393921185	120.05407658
TTACA	59.0788854799	2.51952645073	1.26993440409	0.26525437617	54.99577278
TTACC	58.7937391056	1.58031009765	1.27410030584	0.265477280033	108.92382826
TTACG	59.1886754497	1.89976666709	1.33479885433	0.286004126235	89.45015808
TTACT	59.1447566186	2.25055760603	1.31212988298	0.293863049058	80.90052241
TTAGA	62.6691992602	2.42213188311	1.5256649893	0.337588945946	30.60693169
TTAGC	63.3658065625	2.28385447996	1.47237095103	0.375988316431	63.69886246
TTAGG	63.0794383658	2.28880622148	1.45581604694	0.317950861971	23.48644559
TTAGT	64.8839154062	1.95769470159	1.54043871377	0.377092608753	28.79072173
TTATA	61.0710991824	2.51634645037	1.3513811289	0.254115617441	53.77397458
TTATC	61.0263648521	1.9970304794	1.31963406954	0.286479299878	125.25161517
TTATG	61.160327697	2.29888129357	1.36685009479	0.291493673985	85.19989567
TTATT	61.4735165988	2.31774643286	1.37548270352	0.29722301012	104.11720501
TTCAA	59.3628980033	3.91748685023	1.55277316211	0.379828171287	113.4675737
TTCAC	58.5891601827	3.12584634824	1.53133370193	0.399879362438	176.65785395
TTCAG	58.2810394843	3.37943955291	1.61215355439	0.379902096842	236.88038429
TTCAT	59.3946608969	3.93037829008	1.64853374573	0.436343987507	227.99663493
TTCCA	56.4360534868	2.94740960917	1.56043940063	0.431108740845	120.95864587
TTCCC	54.5250581436	2.42315688361	1.45871228029	0.370292256189	141.53965359
TTCCG	55.6294372924	3.00098408395	1.60489091364	0.45891881579	137.4671293
TTCCT	56.0320303794	3.18291612124	1.44108695661	0.334233622844	142.11532934
TTCGA	58.4281023849	3.20043081022	1.66479783713	0.384086874996	53.39357487
TTCGC	58.8229812612	2.7417213467	1.61596879195	0.416758013063	140.19203585
TTCGG	59.0871258736	3.43794017847	1.52669732912	0.352940204913	94.62273337
TTCGT	58.9127401018	3.28923541249	1.63517932881	0.447708855575	105.33532654
TTCTA	56.1573575629	2.99205449521	1.4418122796	0.383860213799	32.74752303
TTCTC	55.7976218266	2.90790081141	1.33866101123	0.283618676816	100.81500014
TTCTG	56.2485644159	3.05387809191	1.4667855236	0.370309657344	214.07647245
TTCTT	57.2543547966	2.75118053886	1.58142275535	0.485390352097	123.46460977
TTGAA	56.659222013	2.19991406241	1.39770002555	0.276572888124	87.9490281
TTGAC	55.1680885345	1.14476224726	1.27159846712	0.223397847079	54.87537648
TTGAG	56.2798844342	1.90984612229	1.43770117076	0.381496885686	64.68193563
TTGAT	56.4088766111	1.57312828606	1.34286745453	0.308151064581	116.50263786
TTGCA	51.9987602665	1.97298216727	1.39193074327	0.36632751693	86.92502752
TTGCC	51.3838143291	1.20762804553	1.30810137379	0.31423127704	131.35348925
TTGCG	51.6250058646	1.63273476621	1.46524489262	0.366414240904	76.58161264
TTGCT	52.3609209807	2.03289249799	1.36069572488	0.318309628698	110.10337011
TTGGA	56.3865939374	2.23592085925	1.17332740258	0.202694805376	18.95360398
TTGGC	56.5736059718	1.20000509105	1.20970887156	0.164880487083	66.26863337
TTGGG	57.0018346239	2.30359722066	1.2882510428	0.224764060833	46.16199262
TTGGT	57.03408529	1.51917428802	1.26811684823	0.239020585197	58.56849368
TTGTA	54.5176734232	1.85441039146	1.17651659877	0.178446225517	57.95530248
TTGTC	53.7515016278	1.97832566259	1.18881778705	0.188142484862	60.90078093
TTGTG	55.0438923966	1.60619972344	1.23479119238	0.225397970113	43.62710369
TTGTT	55.1640001255	1.64341305088	1.19786587659	0.180242724511	129.72617085
TTTAA	51.5941011538	2.10916677761	1.19733168994	0.186357516188	81.22480826
TTTAC	51.0988301549	1.50142932751	1.17377100176	0.219582144837	98.81739193
TTTAG	51.529799947	1.96887550778	1.21318074718	0.263393474116	54.14839656
TTTAT	51.2142314379	1.44028342618	1.14564301618	0.166785091632	104.85867254
TTTCA	46.6856122978	1.45690542139	1.28953202295	0.306828412422	171.13612251
TTTCC	45.5427062589	1.56374288381	1.24075405201	0.28971438828	148.89487067
TTTCG	46.2453455793	1.43400266791	1.20783278337	0.197594423537	115.78363885
TTTCT	46.1536981236	1.39478166437	1.14367028474	0.198024344784	144.97969968
TTTGA	50.5169265789	1.73724481131	1.11416757381	0.126578995159	104.75364086
TTTGC	49.5426392732	1.32244869096	1.04745744934	0.110733599753	121.55151299
TTTGG	50.3621259478	1.43185417494	1.18790549302	0.231139775901	65.31348445
TTTGT	50.3000871636	1.21537143767	1.05722850395	0.108465649226	109.84718732
TTTTA	47.3628171846	1.34836990227	1.06436556249	0.148139613214	107.47242847
TTTTC	45.7051602475	1.34081757464	1.03869147832	0.101954411802	171.50413881
TTTTG	46.9332192467	0.887305728649	1.03764222801	0.14317813533	127.72005502
TTTTT	46.0734783438	1.20647525699	1.02697828281	0.101864000943	125.09272289
