AAAAA	64.2057634979	0.652229999394	1.11356379571	0.0905309039844	158.30921455
AAAAC	60.3508724106	0.711698375855	1.14243756724	0.152489378828	246.66288047
AAAAG	64.4342410702	1.32018252765	1.11091379954	0.100127587989	112.73836796
AAAAT	63.4891107422	0.696965602453	1.1376546822	0.13245500046	160.40212192
AAACA	57.568149368	0.977461644505	1.19742058473	0.21754888866	171.9268765
AAACC	55.1400767222	0.812006521413	1.16937080337	0.204925142432	149.6990596
AAACG	57.0612037936	0.772782240908	1.1371518095	0.167112349626	154.79992295
AAACT	56.8034453827	0.854463276875	1.19952577105	0.235051738999	66.10000491
AAAGA	63.8056051435	0.93624187685	1.14291851826	0.125093624815	149.83489154
AAAGC	60.8677501385	0.681729876966	1.18164636734	0.123863937633	139.71861753
AAAGG	63.7916349255	1.42747526856	1.13506490851	0.0965738791169	91.94175027
AAAGT	63.0617016978	0.69209167751	1.34919812272	0.279036146549	67.33617556
AAATA	58.3989894802	0.681991306389	1.16054030072	0.129826097844	133.80227458
AAATC	55.511578839	1.38090527515	1.31869345442	0.239587831532	166.18547151
AAATG	57.7883151128	0.905392506046	1.23153029293	0.224837324319	154.48575246
AAATT	56.8919209026	0.963554016794	1.29006805269	0.203949237109	137.8440555
AACAA	63.3936776388	1.50216002654	1.15497514508	0.186269007052	169.62670163
AACAC	61.442389153	1.26272075816	1.10558101792	0.180036622678	74.70259113
AACAG	63.2724655601	2.17577537933	1.22809684513	0.241607113131	176.06020197
AACAT	63.2382617027	1.75528697698	1.19411498925	0.221040548665	108.08143223
AACCA	59.2047946443	1.40448452066	1.14852470972	0.190301350106	107.81054562
AACCC	57.1715957489	1.18005358863	1.13719126024	0.164969991336	76.49748572
AACCG	58.796852866	1.57251404275	1.20201584044	0.261746306787	133.47747639
AACCT	58.5752351153	1.33817566181	1.19189580187	0.235328629279	87.02470533
AACGA	62.6499325198	1.86702344619	1.22360805878	0.234859067117	118.00753418
AACGC	60.7250229426	1.43451235858	1.13815020968	0.19035756612	104.10379413
AACGG	61.4670621751	1.62954317377	1.19096722785	0.247106025213	124.13388566
AACGT	61.4757328246	1.11496931785	1.21573501373	0.227842745137	91.74539341
AACTA	59.4884217927	1.56917347399	1.03185363288	0.0972105988352	37.46199397
AACTC	57.2727618385	1.19783712538	1.08786586109	0.0928757338159	56.01330667
AACTG	57.9224905052	1.2215233754	1.09399989276	0.106491323017	108.20596078
AACTT	57.2862900589	1.00773886613	1.18416145604	0.204036330856	59.18038172
AAGAA	67.7324790167	1.57806924551	1.18491506062	0.109890643231	119.7188517
AAGAC	61.8902397132	0.606490598129	1.14949435064	0.141278109851	60.60646428
AAGAG	66.8145907482	2.14285198362	1.37804021348	0.330877381786	102.2120917
AAGAT	65.2901942086	1.39294451762	1.31359580256	0.267123644402	89.07991957
AAGCA	60.7428152356	1.37258898737	1.18865722501	0.161679535372	90.56497987
AAGCC	58.3104435283	0.890398285066	1.19805318491	0.254003518978	121.57140542
AAGCG	60.5404291157	1.28016240333	1.19470879137	0.219801554741	130.21059039
AAGCT	60.2841541288	1.25277541106	1.09743046049	0.119856651196	61.4536715
AAGGA	63.6860489474	0.972672729512	1.29072541319	0.248171148519	84.90822096
AAGGC	60.0318870502	0.561730486062	1.16834140617	0.164855681528	105.86392668
AAGGG	63.3618846056	1.3389457167	1.17161796266	0.144750769078	64.20539352
AAGGT	62.7438057235	0.821869581792	1.20893662858	0.174170722125	81.46038988
AAGTA	56.5446873354	0.922504713831	1.2826940368	0.180030472952	30.4175059
AAGTC	51.9378257453	1.4789686951	1.42283113884	0.274817445646	66.84757427
AAGTG	56.0442749484	0.90738100359	1.32348841918	0.199218407137	78.54727438
AAGTT	53.724415675	1.30203224535	1.38067359227	0.226762493971	76.92638964
AATAA	58.2286577058	1.151389323	1.17053181357	0.186567468319	115.61408768
AATAC	55.4370250095	0.729743051556	1.10323720015	0.156232672983	93.59960186
AATAG	58.125682782	0.963672858253	1.18122774187	0.223019950928	47.86153772
AATAT	57.0885266316	0.751111548196	1.13816907518	0.129118538905	126.54233407
AATCA	52.8520587699	0.897637302082	1.18798253229	0.235319533786	148.11235637
AATCC	51.0034036975	0.957136233106	1.28231281081	0.274906464116	135.97273614
AATCG	52.4120517317	0.890962173806	1.22646477768	0.267111063281	75.19538578
AATCT	52.0420729613	0.636408063816	1.09737143977	0.142831502694	82.52716471
AATGA	54.5931811691	0.694322714385	1.17954561508	0.164772014728	142.96413999
AATGC	50.8793809652	0.635908642845	1.31366892319	0.267142117055	155.21885182
AATGG	54.3108537563	0.698006844979	1.1529692901	0.176943450891	112.53355566
AATGT	53.3920870443	0.531406461314	1.11746401173	0.115033469695	78.52477158
AATTA	49.929981997	0.603558912246	1.28715997943	0.240736915041	119.6144643
AATTC	46.324036659	0.797288172016	1.37431063644	0.281083688725	80.9846413
AATTG	49.4293842184	0.417889648653	1.12950868316	0.121851545137	65.09913773
AATTT	47.6097405337	0.996318693981	1.47804203412	0.375259385609	91.12345998
ACAAA	66.3106255983	1.21599366202	1.2258679401	0.209439171059	127.20636726
ACAAC	62.3449016558	0.805840663099	1.17458950106	0.120366515193	104.8122476
ACAAG	66.7842617582	0.753518133112	1.2228023125	0.111364805528	45.5893419
ACAAT	65.806986212	0.954400056491	1.27643998493	0.190207226423	68.10771213
ACACA	63.2615609234	1.54412703755	1.08647250795	0.0827758167218	49.34160257
ACACC	61.9431373218	0.778334729517	1.08997944934	0.0903520689878	67.48102364
ACACG	63.7313801815	1.01925967044	1.15605592771	0.143178457609	57.11511724
ACACT	63.1324469532	0.991089824134	1.16220064051	0.12049788932	38.13093939
ACAGA	67.3166094175	1.43830874043	1.12864186489	0.11614472769	99.63322802
ACAGC	64.2270104009	1.1898110061	1.16383080173	0.145669413871	125.87117883
ACAGG	67.2471926787	0.852074928475	1.14297045276	0.136899234381	125.26608469
ACAGT	66.6302959353	0.941607951757	1.31053368699	0.225129964471	103.09290398
ACATA	64.3576728139	0.810863729896	1.07435744056	0.0840131441173	49.59745212
ACATC	61.1153765822	1.24311720968	1.21136575029	0.228629839761	86.86601791
ACATG	63.598387912	0.940321982244	1.18208811625	0.143466602828	65.4225596
ACATT	62.6007501269	1.30002519358	1.51448885719	0.432970687722	66.93975904
ACCAA	67.6418240558	1.05947434182	1.22362121593	0.172882236982	80.51251511
ACCAC	65.3390352552	0.998989631247	1.06988166632	0.122969058483	85.02675879
ACCAG	67.4295786496	1.7622795423	1.3198011626	0.263693833748	98.74539397
ACCAT	67.7631809478	1.10051749938	1.16545756487	0.179310051225	107.137035
ACCCA	63.9043757016	1.56347118995	1.17330364292	0.218563394081	69.18508599
ACCCC	62.3273137189	1.09972771928	1.08763497891	0.145970468821	39.50851728
ACCCG	63.916012934	1.81792343324	1.1205816878	0.170766813088	97.68354903
ACCCT	62.6402216428	1.99262702156	1.15110019701	0.219534769261	48.71582457
ACCGA	67.8749056214	1.06033411783	1.21638980496	0.23761849886	81.5861874
ACCGC	65.4019649494	0.861518712341	1.12009062546	0.193690225172	114.58885708
ACCGG	67.2664432612	1.1984562774	1.1894138547	0.183684173566	119.16348668
ACCGT	66.0519548906	1.43692052296	1.3574459395	0.354088798255	85.06794344
ACCTA	64.059800672	0.525915426773	1.05620651252	0.102436082793	31.40668495
ACCTC	61.2265117447	1.01177846811	1.09306232629	0.104836811764	42.06349116
ACCTG	62.8786483646	0.982707625272	1.11807533255	0.13277595987	118.00693435
ACCTT	61.7525017538	0.9380319422	1.30088266475	0.288556815705	90.90404351
ACGAA	68.949460075	1.49278931583	1.26567049051	0.279775240442	107.5802137
ACGAC	64.2615065723	0.948276072272	1.10343643264	0.0943910077414	62.5353944
ACGAG	68.8994961297	1.33415991526	1.26297303534	0.212320846228	62.44953295
ACGAT	67.816241312	1.19514242346	1.20252120989	0.170997169651	100.34903254
ACGCA	64.9108531501	1.75578598039	1.1499090186	0.140019962578	93.19282674
ACGCC	63.0494198781	1.12530040951	1.06764203873	0.0968483400192	101.82265063
ACGCG	64.6413474427	1.6155862648	1.12746864029	0.122302129992	63.49637554
ACGCT	64.4325319663	1.4867719458	1.24828251174	0.245741102721	90.32662072
ACGGA	65.2061166225	1.23506799747	1.1266895502	0.125601552352	92.86249922
ACGGC	61.513372479	1.47806313263	1.2750166915	0.232934566424	109.51250545
ACGGG	64.8607235851	1.06607564352	1.16933858388	0.144275432746	81.61965728
ACGGT	63.9589308331	1.41066819793	1.45744499402	0.289944752728	69.47503893
ACGTA	56.8822238167	1.73933648711	1.43425254442	0.256309983434	53.96399274
ACGTC	51.0831495045	2.11466445451	1.56314963351	0.326082343501	96.92143942
ACGTG	55.9028928488	1.27558588159	1.40764520171	0.22388022026	51.97073124
ACGTT	54.3488923947	1.79959979056	1.48579174378	0.268798247892	108.91720746
ACTAA	63.112818698	0.93665916541	1.08588761541	0.158162407986	38.04616066
ACTAC	60.0618531428	0.909504364222	1.0215755116	0.127377602864	29.43941415
ACTAG	63.8402148742	0.695635344253	1.17577044383	0.219843182758	7.06398473
ACTAT	62.1293723317	0.7319762307	1.11431972091	0.138643421327	53.09818754
ACTCA	58.5271432189	1.03488677756	1.12082026743	0.180770353165	50.22452205
ACTCC	56.3537638947	0.767546163596	1.05364006947	0.137572981558	54.41490699
ACTCG	58.8749904853	1.29606303098	1.12249015911	0.159998934724	37.87156726
ACTCT	57.0931875053	0.834063167465	1.12901418131	0.161610210111	30.77299454
ACTGA	57.3791702377	1.44319838745	1.17387662151	0.142974166969	103.98703664
ACTGC	52.5277018065	0.760226094382	1.22392894833	0.170232831364	127.56653224
ACTGG	57.3559151032	0.673461091271	1.15260851468	0.186182558792	102.71011008
ACTGT	56.0286716354	0.740349415694	1.19194826473	0.187937836371	69.38755772
ACTTA	52.4893173046	0.884604872904	1.28746555696	0.243012220098	49.93216323
ACTTC	47.8712884659	1.33540875816	1.33647071924	0.246009003132	58.88837359
ACTTG	51.6995035358	0.908743822461	1.20465893687	0.186557586506	33.71238908
ACTTT	49.2867282367	1.09227041777	1.38257482196	0.290181036032	70.19163199
AGAAA	71.6669860497	1.56422026695	1.37949476293	0.250464808868	232.39519384
AGAAC	66.9700079966	1.72955785573	1.38239107762	0.212415368938	96.29721355
AGAAG	71.5562584512	2.36127884402	1.46056417228	0.28602512337	113.60781087
AGAAT	70.4656604407	1.67096505905	1.50869924255	0.312449537412	87.86528907
AGACA	61.9018948123	1.77779632257	1.10673992504	0.0770566528763	53.38736911
AGACC	58.5192939811	0.838802102236	1.14133925555	0.114738869611	55.62484727
AGACG	60.826752349	0.840615460222	1.1721859063	0.159545509728	60.23209444
AGACT	60.5899300927	1.10840838339	1.20616504786	0.189684088874	51.70241961
AGAGA	69.3980356477	1.89846104227	1.477225068	0.330354608056	81.09115164
AGAGC	64.6244663488	1.18614975059	1.29071649326	0.142177202268	116.5429946
AGAGG	69.1569546181	1.16438089476	1.37649782189	0.190507260331	68.04854244
AGAGT	68.4422680392	1.29813435082	1.5400239228	0.260208229581	62.55839893
AGATA	61.3301895369	1.31688164532	1.30623506815	0.219943374015	73.94790692
AGATC	57.7579573922	1.3794008396	1.39333921928	0.216523914619	45.84631652
AGATG	60.8272714156	1.41346977728	1.30285004282	0.169177413829	119.10847934
AGATT	59.5674317739	1.51767563583	1.43207645449	0.254842569406	105.23138564
AGCAA	69.0521228372	0.989452640531	1.27137900735	0.241446375232	128.65414298
AGCAC	66.6377546304	0.871589064466	1.19137417763	0.17276757509	98.24947803
AGCAG	69.4023955895	1.48011637934	1.2667878749	0.18834848321	183.83968909
AGCAT	68.9231942587	0.957769019392	1.22025133688	0.186597207647	115.35553298
AGCCA	63.4047960066	0.97685746114	1.1255551444	0.151748947017	125.51031121
AGCCC	61.8265607805	0.791163388984	1.09851453759	0.114336496737	45.60727021
AGCCG	63.189152934	1.11000649782	1.09799324487	0.118569762165	131.96686831
AGCCT	62.7588871562	1.66586696746	1.23843731268	0.279966163642	58.8014259
AGCGA	68.8397483393	1.20175902967	1.23872071988	0.193876289619	128.08935526
AGCGC	65.3759183403	0.812780370658	1.16370549795	0.133098738378	99.05805674
AGCGG	67.9431601448	0.848826649747	1.25613386301	0.178725756755	111.11531135
AGCGT	66.2355368545	1.01336667909	1.316899958	0.25245352961	113.9331782
AGCTA	64.0295663147	0.612932554961	1.08863423897	0.102382718655	35.31390992
AGCTC	61.4903309746	1.31397104627	1.26063301969	0.228484006733	26.96148276
AGCTG	63.0428019754	0.700882196451	1.2323670673	0.241110945186	124.85719713
AGCTT	62.3203694849	0.77835978317	1.31229057129	0.200397887197	65.25854623
AGGAA	71.3589154327	1.60824435534	1.39513660068	0.182118035297	128.21775068
AGGAC	64.3554264992	1.07711528153	1.25850780755	0.128096616256	40.43894851
AGGAG	70.9544360242	2.21374535233	1.48015229683	0.275341040903	107.78395144
AGGAT	69.1699340573	1.45281390684	1.51623234606	0.312340931357	86.04947123
AGGCA	64.3691106742	1.71280992443	1.37994446829	0.258321049749	99.61007527
AGGCC	61.3191861289	1.27870649561	1.33207071779	0.262603219589	66.52384553
AGGCG	64.0500427184	1.50277962335	1.39908239019	0.301276457769	133.27897836
AGGCT	63.6240218596	1.26121969941	1.30014158537	0.16207109928	91.03113153
AGGGA	67.0042927965	1.237769689	1.45420471813	0.281898187189	51.659018
AGGGC	61.2687439354	0.916328480036	1.3339247682	0.158098457868	65.15144686
AGGGG	66.572553752	2.16240026883	1.3704105551	0.187564146574	55.17024435
AGGGT	65.6652019108	1.46784579907	1.49076290046	0.246738555559	34.46156258
AGGTA	59.1842247561	0.813977708335	1.32398925097	0.144149128622	56.93792481
AGGTC	54.0012027106	1.41116541309	1.40626200134	0.185769822924	71.36165209
AGGTG	58.7929062923	1.05850886844	1.34708777713	0.164288040612	110.58881063
AGGTT	56.3757628877	1.53038723301	1.50333560895	0.264008760792	74.65489726
AGTAA	57.581082311	1.39131213596	1.29181989169	0.199341683342	73.07035842
AGTAC	53.4383009237	1.15190053553	1.24975907611	0.211784892836	44.52356111
AGTAG	57.4586196425	1.21064899164	1.2776430773	0.184214869176	27.68049621
AGTAT	55.3864995266	1.67707020764	1.19081030546	0.178533566054	62.03168163
AGTCA	50.0304465052	1.14580204068	1.30246869251	0.228543461917	73.89236087
AGTCC	48.2315223167	0.947027447225	1.24887632421	0.257702227613	56.45582989
AGTCG	50.0966762932	1.28372913577	1.29918357869	0.301017476809	44.28115208
AGTCT	49.1676823504	1.07489531002	1.2760161484	0.265182173278	54.58694926
AGTGA	53.7337831742	1.25085690943	1.28765468848	0.185951556742	79.06028107
AGTGC	50.1486254427	1.07432484016	1.24007864193	0.17465379256	110.5846047
AGTGG	53.4051873105	1.10612536019	1.21871166996	0.129504680725	61.39283781
AGTGT	52.5777688256	1.07941186639	1.25520262648	0.226446698454	44.35633072
AGTTA	48.5229385671	1.0874702014	1.26923385227	0.228107112976	67.20022921
AGTTC	45.1168411366	1.1009902963	1.22957096455	0.177834328024	86.3967831
AGTTG	48.1930790164	1.02890606211	1.2272718086	0.257527359425	59.45889363
AGTTT	46.5781539957	0.944068520034	1.27597876965	0.256994821244	77.11839094
ATAAA	64.5131342747	1.45266598136	1.17525322258	0.206257156843	113.8127281
ATAAC	61.0641820084	0.586982707397	1.07120121506	0.0966507976474	90.63046372
ATAAG	64.8246883457	1.29943066858	1.16026258114	0.166085216139	61.9477916
ATAAT	63.9860931867	1.26200140969	1.17333450526	0.192410870731	124.45381307
ATACA	60.4946202893	1.36042172619	1.14892411745	0.200531409034	77.15769086
ATACC	57.8321221426	1.16678500154	1.15721621271	0.214164273804	91.13882147
ATACG	59.5334235538	1.42062316709	1.16490222931	0.195956434736	53.07724523
ATACT	59.5131649314	1.27986860386	1.13138134007	0.183804433588	41.90699745
ATAGA	63.8497137362	0.889553495858	1.16425830568	0.125537989526	39.60604637
ATAGC	61.1906067451	1.310166994	1.21979839921	0.223785967481	31.00491185
ATAGG	63.9628564615	0.925619345844	1.14291677778	0.0958336468201	18.78014283
ATAGT	63.3494824762	1.09257948544	1.19430441085	0.16932758922	46.47344436
ATATA	59.6074044518	1.43850995031	1.10535568868	0.120523239339	58.91305545
ATATC	57.1073795928	0.732808075521	1.11778903491	0.12503955651	99.04442047
ATATG	59.3533059029	1.00446463508	1.16538578067	0.170250130405	85.63281803
ATATT	58.5477285133	0.760512150819	1.23033604797	0.199479488863	126.26023423
ATCAA	62.6174202909	1.93099817601	1.31961686918	0.301990764977	120.8347975
ATCAC	60.1307355351	1.6640536367	1.19683918349	0.206165133926	110.9846228
ATCAG	62.03050704	2.14309320672	1.29383292613	0.324236122728	147.97639189
ATCAT	62.8749563781	1.48802110641	1.32852962995	0.281411067792	97.85742607
ATCCA	58.7178818104	1.37178418415	1.23061769397	0.279084464155	58.19629434
ATCCC	57.1634522034	1.51271151773	1.1657551445	0.210647357668	104.04109796
ATCCG	58.2076417066	1.62465665846	1.21121644248	0.241423830145	146.04093633
ATCCT	58.1165427166	1.88574492454	1.18764636179	0.242591151585	69.21624892
ATCGA	62.2845541718	1.45686650768	1.24776061814	0.228808815591	91.96057592
ATCGC	59.9911867227	1.27508870274	1.12549031174	0.164327849531	86.35213313
ATCGG	61.3111754225	1.58440824635	1.20070398915	0.210921043987	65.16521572
ATCGT	61.2863920334	1.32876940396	1.24148079067	0.268831026875	121.29559052
ATCTA	57.4884737658	1.47984846865	1.1095104076	0.157535065428	37.11023843
ATCTC	56.2856694645	0.975075719774	1.00627922012	0.0918859563996	68.06748394
ATCTG	57.8469511459	1.17199699648	1.15960134601	0.198549636075	120.68663252
ATCTT	57.1715249763	0.603949540452	1.24995448577	0.249410201124	71.23232371
ATGAA	61.2125103231	1.77822538453	1.3076987758	0.228105082627	207.13473876
ATGAC	56.4443110752	1.38232618945	1.24555018493	0.22766055361	117.37632146
ATGAG	60.2886826177	1.54092830333	1.2601682095	0.205575933758	108.14013882
ATGAT	58.96748185	1.85964220431	1.4222939643	0.362697171858	130.43450475
ATGCA	55.8687292292	1.70659883337	1.3141116045	0.208130593679	151.53704311
ATGCC	54.3924488751	1.51667487855	1.35746726031	0.32202446265	137.81912885
ATGCG	55.6166563116	1.76076837131	1.36126283032	0.319432657909	121.79437176
ATGCT	55.5704542296	2.29700822693	1.42318963507	0.391852733593	146.81744167
ATGGA	58.6154961958	1.30666882324	1.32598669366	0.303740057135	109.22346247
ATGGC	55.8413607151	0.620848247542	1.18427460758	0.146762210949	119.26636904
ATGGG	57.988780631	1.28378444443	1.2367558282	0.238261227472	88.07471495
ATGGT	58.3176076004	1.11046792075	1.30781159582	0.246146526986	131.11053987
ATGTA	52.9020910273	0.659237687681	1.19328414078	0.126910082788	58.55487225
ATGTC	48.6746346946	0.795626061843	1.29333240514	0.243886924858	76.26069512
ATGTG	52.3013311991	0.578205377933	1.26356249663	0.216360007967	77.64501987
ATGTT	50.3776552408	1.0529345305	1.21806769453	0.192761369955	131.4774773
ATTAA	55.4594450043	1.79539254696	1.25195044698	0.25422474484	142.05054052
ATTAC	52.9135501989	1.30768932388	1.14564159362	0.172794133929	93.20356646
ATTAG	54.6508383723	1.06037259698	1.14714313586	0.124442974322	34.25395698
ATTAT	54.2713473399	1.25648252565	1.14791031199	0.180862798582	122.96378124
ATTCA	48.7945216004	1.24568003499	1.32971733778	0.277156583459	112.81915751
ATTCC	47.1625563642	1.22185045266	1.22173177587	0.192048365457	74.8154972
ATTCG	49.3787862468	1.55351018432	1.1890937007	0.12160631891	49.04055028
ATTCT	48.2308019223	1.39869475761	1.18797283536	0.17430349285	85.68235246
ATTGA	51.5850083456	0.739365542402	1.15913311704	0.168033494212	107.78151077
ATTGC	48.6080315997	0.546925992039	1.18709371981	0.224578636762	117.44541712
ATTGG	51.1486064716	1.34618404383	1.15763787365	0.17367518793	50.67165715
ATTGT	50.7084079978	1.17255580187	1.15266143338	0.205833776314	51.76143089
ATTTA	46.9394835541	0.677653457001	1.18087530622	0.201202093084	115.45458651
ATTTC	43.735221166	0.529281802612	1.13836718879	0.193465572363	107.0366678
ATTTG	46.5127429823	0.719556499499	1.11393162626	0.175312388406	99.82365156
ATTTT	44.9102006471	0.462035592203	1.07990627926	0.136216121781	128.77569617
CAAAA	65.0589711658	1.02172803621	1.21332246796	0.149182656601	151.24169903
CAAAC	60.4500435425	1.03709949622	1.22197594989	0.184318358283	82.45449491
CAAAG	64.4731598808	1.20971011507	1.20685768404	0.108951448492	87.47957527
CAAAT	63.4044668867	0.757092118407	1.32968518045	0.192037591698	124.36097244
CAACA	58.6316941174	0.873353976312	1.2557344242	0.196580174306	142.85364471
CAACC	56.3760491074	0.568246287629	1.16245710145	0.0967492050136	104.37220848
CAACG	58.2429852064	0.656133131594	1.27493249606	0.241666004981	92.44778781
CAACT	58.1816230835	0.730830062386	1.19379678293	0.119599935307	73.7306067
CAAGA	65.7692241029	1.53757140431	1.36251640681	0.265985792359	39.43178376
CAAGC	62.0867320218	1.13684188309	1.23248894193	0.167846044904	65.86625068
CAAGG	65.1763833514	1.00945472364	1.32303425903	0.171938347795	43.75266858
CAAGT	64.2609172	0.863985798199	1.35928683276	0.198290842893	36.30660225
CAATA	60.2573526033	1.11101108577	1.21383048957	0.121325274044	83.19251897
CAATC	57.0910323786	1.39227213567	1.40922420541	0.318921056966	97.26833187
CAATG	59.3559890168	0.974296496702	1.26223843095	0.173879795446	116.20650099
CAATT	58.9519744819	1.13718612573	1.33195453078	0.231301215395	78.94173209
CACAA	67.0136942121	0.979827054288	1.17524574268	0.123047045001	56.63937148
CACAC	65.0479765271	0.558494371064	1.09874972952	0.0766372391558	39.72810887
CACAG	67.3547807057	1.26639096401	1.29476199743	0.193830166667	81.49670751
CACAT	66.8077513924	0.875116037851	1.14270002659	0.125359412724	43.72491931
CACCA	63.0521795688	1.05152625196	1.13837862619	0.149465532302	121.77396351
CACCC	63.1347333922	2.12787109735	1.06580399446	0.0829061698067	42.36683032
CACCG	63.0847581415	0.945046129913	1.09225933576	0.104345314795	103.82971452
CACCT	62.7114631646	1.44696962487	1.11558116061	0.0997331017874	70.83569482
CACGA	66.4982568944	1.24267769962	1.17780698503	0.144862356107	60.90441204
CACGC	64.2989052288	1.25065960283	1.11694112358	0.117350109367	101.05624637
CACGG	65.4987833111	1.23611573034	1.19621544108	0.159714615481	83.19934271
CACGT	65.17725536	0.894246453544	1.35518850312	0.308445008962	45.49678477
CACTA	60.9330817867	1.40191640322	1.15615297986	0.240719651209	19.01230419
CACTC	60.212086817	0.669954051879	1.12673423273	0.154437034887	38.85434839
CACTG	61.9344597327	0.855908963426	1.18578655123	0.181943883012	91.08723399
CACTT	61.1504556657	0.820551469168	1.28692154484	0.197366822957	60.38285257
CAGAA	67.2869005617	1.52984862486	1.18910305575	0.140316452178	187.3272056
CAGAC	61.6386754273	0.812377633186	1.20117479776	0.137572324336	114.34887302
CAGAG	65.9030515752	1.11128535972	1.2093034853	0.163775266057	135.68855463
CAGAT	64.9058449871	0.732599494783	1.19852724655	0.191144050466	156.96163674
CAGCA	61.2621490726	0.900010119032	1.16515687725	0.175741120606	221.54397445
CAGCC	58.8437522014	0.821530132026	1.15998281029	0.153741376374	197.57791079
CAGCG	61.3041290105	0.909850767284	1.23093076176	0.208571296721	214.90159936
CAGCT	61.0636430564	0.99251726509	1.25344794884	0.274091261484	90.53912446
CAGGA	64.4692809758	0.865559685018	1.19121129826	0.148209274545	159.77421798
CAGGC	59.8948638451	1.0043821305	1.22854496542	0.134507624376	173.41213126
CAGGG	63.7616783592	0.92690071311	1.14145184765	0.12967254245	83.6646703
CAGGT	63.1415219239	0.758845338548	1.24715789609	0.167428532435	132.81424036
CAGTA	57.1258801799	1.51036281946	1.41684843517	0.277556080984	110.91862058
CAGTC	52.57396839	1.53232026757	1.46575973617	0.2392000936	80.60185134
CAGTG	56.3486961383	1.47045553644	1.49845522627	0.356211040834	132.76360781
CAGTT	54.551578538	2.04884846275	1.47623969029	0.241540745373	117.06836997
CATAA	61.2289416216	0.827117405273	1.09609990947	0.145494217072	87.33213819
CATAC	57.6777305737	0.779297089346	1.12660755108	0.128490503915	58.88507373
CATAG	60.7707925154	0.795477183234	1.05982402582	0.0771676648354	18.31187399
CATAT	59.7541366539	0.537561771677	1.13055339239	0.161035762246	72.72222909
CATCA	55.7130980605	0.599608650132	1.17800450812	0.228398579516	154.97276657
CATCC	53.6769018076	0.524602506428	1.19543211376	0.216338519132	90.97401437
CATCG	55.6067803194	0.592730923131	1.12863981361	0.16021957378	139.30728197
CATCT	54.938107087	0.467238791134	1.12134232679	0.141166252891	77.87337878
CATGA	56.7626444544	0.684427892147	1.2349305474	0.195932199648	107.03321309
CATGC	52.2649091266	0.927586302693	1.32337212857	0.221313366511	81.05653448
CATGG	56.3673529954	0.653455595051	1.17573390423	0.146208841155	82.14984204
CATGT	55.0216022911	0.604714348597	1.30382012923	0.261539903645	64.142516
CATTA	51.7809533492	0.79448283461	1.37246524696	0.287648123141	107.39393618
CATTC	47.7253381568	1.07347036535	1.58131050712	0.38671903783	119.89820168
CATTG	51.4465227249	0.919383083134	1.38102076505	0.280196895762	96.68385399
CATTT	49.1184775737	1.38983913548	1.513324998	0.363499406077	122.45401502
CCAAA	66.2750116131	1.39408732729	1.32642391526	0.254818580776	71.14633305
CCAAC	62.2105042551	1.08738461957	1.27462199755	0.180947251701	82.92492614
CCAAG	66.9920630121	1.06106923377	1.27365021211	0.115463715855	32.73729095
CCAAT	66.3438515848	0.954030696658	1.42266782435	0.211252601113	50.7011744
CCACA	64.5412319272	1.43335135777	1.13462293168	0.0794216101536	48.78512659
CCACC	62.4329981403	0.863635972953	1.1309006895	0.0885944207122	79.13343788
CCACG	63.9368306967	0.751988988849	1.12517927451	0.10801830959	76.87850431
CCACT	63.9595762658	0.880821408208	1.24116270867	0.249535308164	34.33635939
CCAGA	68.3671657061	1.2728492511	1.16558025794	0.129381744868	107.27297737
CCAGC	64.8236230215	1.07384962864	1.16811094875	0.140137910584	172.60251247
CCAGG	68.374371467	1.3293956999	1.18877771141	0.116722825489	39.17752949
CCAGT	67.7347715121	0.857932064059	1.38799346698	0.269263397272	69.43726279
CCATA	65.2505344621	1.10662860275	1.17052685114	0.131125063341	52.92602208
CCATC	62.0298165243	1.22115817302	1.20370914564	0.179711109654	118.52446896
CCATG	64.8432750232	1.36238179328	1.30844271453	0.29553912641	74.04298511
CCATT	63.6855371738	1.35119073498	1.40880490655	0.315026108669	142.10293517
CCCAA	69.2680479656	1.00458860528	1.10041458625	0.153149359536	43.39283245
CCCAC	66.2652243991	0.829272473299	1.20926191076	0.213146775673	32.65350274
CCCAG	69.819404503	1.04055540256	1.15586516968	0.155609250288	45.16186438
CCCAT	69.379247554	0.968801440869	1.18563547186	0.209108623239	63.49433245
CCCCA	66.9802523874	0.788298258675	1.09136282583	0.16078148747	35.03041736
CCCCC	64.8862846403	1.26535056568	1.04390313205	0.114412628947	24.58923905
CCCCG	67.1586692873	1.33337967551	1.10759646623	0.157613685695	52.98491797
CCCCT	65.6159514202	1.76022027726	1.1916815578	0.226623573519	42.73621736
CCCGA	69.612929015	1.08330275316	1.19685539684	0.243769000324	52.87513956
CCCGC	66.7511783012	0.593501005251	1.0938766817	0.102318733329	83.2618863
CCCGG	68.903624272	1.02911436145	1.12074555136	0.150037210443	120.54922054
CCCGT	67.8152857743	1.08052152536	1.39666590764	0.316944882136	123.20580013
CCCTA	66.1875659996	0.514869516264	1.09093491784	0.0608257397497	17.82428521
CCCTC	63.1131689777	1.34695172951	1.15024546882	0.138068421864	41.8520405
CCCTG	65.1336038053	0.585648019421	1.12572661218	0.132024296592	75.28650411
CCCTT	63.9251742097	0.98799370096	1.324513258	0.314138106885	45.66617161
CCGAA	70.9105431689	0.968154248733	1.13260545282	0.0965565331315	62.22528963
CCGAC	65.4102776602	0.723123885516	1.13872795385	0.165331405152	66.87827375
CCGAG	69.9915391307	1.04285493757	1.19581931746	0.1757558377	38.61519534
CCGAT	68.5304130134	1.01280296282	1.19314963736	0.152125500428	65.42838093
CCGCA	65.8303501614	0.982933988657	1.05738999348	0.0892947971454	107.62388972
CCGCC	63.6255759174	0.835242931275	1.05544551093	0.110996936846	138.54281446
CCGCG	65.5225107889	1.08053564981	1.06238507133	0.108988147339	65.25874053
CCGCT	65.101197994	2.30206195722	1.11546309845	0.127829279178	74.37854198
CCGGA	66.1580011621	1.04192910524	1.20898777573	0.157797555487	183.3966921
CCGGC	61.651637555	1.52256637213	1.31988696383	0.250616204816	184.79125295
CCGGG	65.5674581551	0.962637643127	1.26492351632	0.209802392237	108.44806231
CCGGT	64.7313967166	0.945375385746	1.34238367962	0.268628942625	138.29812395
CCGTA	57.8228997468	1.8026661943	1.36556885654	0.16167343259	56.28328661
CCGTC	52.1405301591	1.87145213323	1.66208686414	0.342129140377	106.83942109
CCGTG	56.4879180138	1.72219706525	1.50892806309	0.233225974283	178.15051164
CCGTT	53.4376863918	2.19923828874	1.65428091023	0.307565797532	121.473532
CCTAA	64.6985210225	1.29155565187	1.03472631649	0.0902987987392	23.63972627
CCTAC	60.8663047064	0.426850668596	1.06642663872	0.0886116962808	27.9222061
CCTAG	63.5359820538	1.28127503061	1.16127079221	0.102282233996	6.94744095
CCTAT	62.6457981444	0.797082922687	1.07932822429	0.117226833162	35.99112435
CCTCA	59.9381164158	0.462081151726	1.09278525939	0.145800928832	44.29569593
CCTCC	58.0741255758	0.475205162898	1.11050467416	0.195423309749	65.88887464
CCTCG	60.0288365722	0.445245351091	1.12173296999	0.173963438773	32.5324567
CCTCT	59.1281930269	0.46372183921	1.03992434605	0.08249612151	34.27296994
CCTGA	57.7912354771	1.19257392477	1.18481764586	0.11676244663	135.677978
CCTGC	52.8381056236	1.10776036521	1.34791105247	0.258049065168	120.86794252
CCTGG	57.7165282544	1.02628571325	1.12082138631	0.0989939844221	60.82867164
CCTGT	56.5159210841	0.875512657148	1.2695812219	0.252599515207	120.17783124
CCTTA	53.2855107289	0.923218261838	1.35431724043	0.211046808249	49.45713526
CCTTC	48.3162114066	1.26252085543	1.52065039457	0.381984581397	91.69914141
CCTTG	52.8004832554	1.45779381055	1.26007366446	0.177544903569	33.67136954
CCTTT	49.9196027483	1.37912740077	1.31617530953	0.225004869168	109.02151172
CGAAA	70.7435564829	1.19419230906	1.29280095965	0.154487864022	117.63644531
CGAAC	65.7435916568	0.987028009722	1.27122724422	0.178305005117	77.90624814
CGAAG	70.9464823246	1.04923680195	1.31791605301	0.199463915031	84.83509524
CGAAT	69.509082827	1.25983884372	1.4495305402	0.260760519652	63.74484491
CGACA	61.8183807826	0.656303850453	1.13930864025	0.142886638986	92.63901115
CGACC	58.9205717769	0.657119755341	1.16712006989	0.119805024004	59.83408567
CGACG	61.7131848299	0.631196214113	1.1161122953	0.0925217372284	88.55801744
CGACT	61.0121559919	0.486519011333	1.11851003668	0.0844478617382	46.1723869
CGAGA	68.9646998598	1.93606611245	1.28881699367	0.146640483912	47.57040584
CGAGC	64.2313593779	0.889383330721	1.31946745776	0.194944429108	59.09150095
CGAGG	66.7739053096	2.22569535477	1.28195925628	0.181453806113	43.26272324
CGAGT	66.6624385164	0.891128717057	1.4540356953	0.327004579547	40.75533612
CGATA	61.4680988824	0.941714547789	1.28104621185	0.180820278619	104.35881862
CGATC	57.7998144212	1.58908598122	1.38443045745	0.188291246153	71.69900945
CGATG	60.709554172	1.05214837229	1.32513873052	0.189322088253	171.13672888
CGATT	59.5133878103	1.54904210132	1.4342286129	0.252572557339	90.58703446
CGCAA	70.9871557132	0.997707192846	1.21744634527	0.186488472496	97.68151709
CGCAC	67.9618150083	0.781494385487	1.19262119626	0.182170390128	71.81121462
CGCAG	71.0808299485	1.00221215736	1.19301750636	0.155179074546	213.77875048
CGCAT	70.3929522891	1.08722827026	1.25153232916	0.199994774947	97.04964843
CGCCA	66.040938764	1.29984273763	1.09177609519	0.120799401979	115.6686363
CGCCC	63.6712450281	1.19090591428	1.03876222734	0.0900149841492	66.87624271
CGCCG	65.6798821515	1.01803975724	1.06680944978	0.0950979446657	126.81236246
CGCCT	65.5892519466	0.733268027911	1.10786796983	0.130696284197	84.2808797
CGCGA	70.3296027034	0.87885255418	1.24240471307	0.215303545917	75.00876975
CGCGC	67.2713608292	1.09001194896	1.19656262423	0.149363756669	80.50737283
CGCGG	68.9798421729	1.04450616393	1.27244938857	0.238085091783	93.79005029
CGCGT	67.5237060492	1.01222647463	1.34502076728	0.255842369468	73.29432589
CGCTA	65.441464956	0.628825521277	1.13626185742	0.114751004759	42.24029765
CGCTC	62.57061338	0.977971032473	1.18428011908	0.125535301955	50.42877148
CGCTG	64.4418321123	0.76023135928	1.28099256795	0.230774791732	191.26702035
CGCTT	63.429979061	1.29371155502	1.45331158555	0.291624285389	97.45322715
CGGAA	67.2894621294	1.3001638601	1.36834354524	0.186384138389	109.32990045
CGGAC	59.9306239683	0.951993671278	1.31540167914	0.16960804728	108.98234639
CGGAG	65.6147978227	1.19816435696	1.40799319293	0.26277109305	91.53277306
CGGAT	64.3527550693	1.35885471097	1.39598691553	0.261100620673	105.50515824
CGGCA	60.3593743994	1.48702906345	1.36653792766	0.212789152624	198.20525469
CGGCC	57.3359493374	0.78845094072	1.17715399643	0.127701789707	48.32945693
CGGCG	59.8526567383	1.23465058182	1.29809693232	0.179786666795	188.30983238
CGGCT	59.8890285293	0.964388248974	1.45098173302	0.345635552686	107.76593087
CGGGA	61.6019647503	0.993165800683	1.41361432346	0.225881721637	133.22202706
CGGGC	55.5551215282	0.890280560129	1.52805185401	0.238371464847	119.41539789
CGGGG	60.9601672607	0.956430264737	1.34977131887	0.149077688744	84.46663204
CGGGT	60.315874093	0.832479794751	1.3420404229	0.138595936986	57.34128614
CGGTA	54.2218051914	1.14552232935	1.43511987033	0.205063616912	95.67035345
CGGTC	48.5319390555	1.18562856198	1.64730127749	0.312008306244	72.1244411
CGGTG	53.4982889928	1.15888860753	1.4912957549	0.245545907573	201.41524865
CGGTT	50.6525982389	1.70145943048	1.61283203706	0.334567640414	78.12745684
CGTAA	54.2448568531	1.02815702143	1.31196652195	0.215199634311	99.97076564
CGTAC	50.3211344247	0.770544595678	1.32160551626	0.227784956482	46.46714591
CGTAG	54.1190948353	1.65493923575	1.44448425305	0.325180246637	25.4088914
CGTAT	52.2940865127	0.734332908014	1.2304096348	0.169529567845	84.92911682
CGTCA	46.4332644684	1.1190737507	1.45164440818	0.357981340647	133.83247721
CGTCC	44.676098588	0.670502908428	1.32076252591	0.29026395172	61.82503891
CGTCG	46.0899667625	0.867889111946	1.38041489358	0.320909155694	96.9103633
CGTCT	45.7170682586	0.749614374572	1.24997755741	0.174121031392	75.08530245
CGTGA	50.017008413	1.12595856716	1.3205938864	0.242902158765	145.82344644
CGTGC	46.2878719874	0.720083506721	1.33871968116	0.228624241631	117.46886282
CGTGG	49.401265671	0.878045799322	1.28161795759	0.195498866889	151.1073832
CGTGT	48.5636551209	0.706875048399	1.21420906341	0.147413823803	70.97054666
CGTTA	45.197105026	0.75510923978	1.25058243433	0.191362260145	81.16066105
CGTTC	41.9172884149	0.794540158458	1.32568799515	0.231439337791	93.23171841
CGTTG	44.6996266305	0.696674807607	1.23976564667	0.173630203382	104.41435578
CGTTT	43.198773464	0.620880581278	1.26168530206	0.198902177384	103.19218505
CTAAA	66.4914730943	0.903607061097	1.14368703082	0.175299959855	61.04095311
CTAAC	62.259259413	0.892063381706	1.29084565094	0.292030249516	34.21171131
CTAAG	66.9776082243	0.742992703167	1.19682185127	0.267243364562	30.74962672
CTAAT	65.8988998126	0.678101245661	1.22131653812	0.216362050052	44.42171256
CTACA	62.1980158838	0.656700705762	1.06449584168	0.118907903255	40.9683726
CTACC	61.9079570445	1.48041429996	1.0616189312	0.100917522754	22.3503124
CTACG	61.5676012161	0.778191469825	1.14429335813	0.15883607301	26.79677964
CTACT	61.4150069109	1.34741957017	1.21246154451	0.199915661763	36.63489877
CTAGA	66.6109652683	0.963337838263	1.12642313334	0.0707576660221	9.35436039
CTAGC	62.3735387398	0.617872799464	1.2064259843	0.0975827159921	6.15711581
CTAGG	67.135449558	0.851238336169	1.21923830842	0.110361367268	5.89328956
CTAGT	65.5829289824	1.51268757153	1.25099382854	0.130396837095	8.14889205
CTATA	60.2814351302	1.67987126959	1.10803632962	0.155686673472	31.22017965
CTATC	58.5543680175	1.02104617745	1.20779871075	0.253417229368	65.65037553
CTATG	61.1917966058	0.421454892401	1.16402327952	0.14171966963	49.16144453
CTATT	60.1459988393	1.28663908126	1.31844812009	0.217052838075	55.15729232
CTCAA	65.6042757922	0.972389296447	1.18642612367	0.168109708576	80.04036099
CTCAC	63.0819748431	0.97018403034	1.09059348447	0.151445662204	52.26304529
CTCAG	65.5429645691	1.36279024044	1.21296374382	0.200755956218	75.02935409
CTCAT	65.1998643047	1.14938279772	1.20477315549	0.259702989615	66.79956124
CTCCA	62.0101427949	1.1414565118	1.13054403734	0.159392259473	50.47362609
CTCCC	60.2605246022	0.986557318755	1.04736550487	0.120791409681	36.40116088
CTCCG	61.6926188279	1.04657603138	1.12019847269	0.144846758804	91.81563676
CTCCT	61.9862539117	1.30891375763	1.13828809046	0.15927554376	48.54286458
CTCGA	65.5169868525	1.00317456258	1.21162675925	0.225038575304	51.66452125
CTCGC	63.1500896509	0.826713705595	1.08809417399	0.153405746814	42.4171616
CTCGG	64.2601037501	0.893854155095	1.16050304629	0.121208593539	32.02019825
CTCGT	64.1082008565	0.99203624403	1.26828126385	0.290917160687	47.0399058
CTCTA	60.9668224992	1.05627896624	1.15214404637	0.206507852103	23.77627819
CTCTC	58.724850712	0.776421302158	1.14257796549	0.201989680625	50.85224674
CTCTG	60.4133574448	0.784420906322	1.0952854919	0.149917173408	118.94975284
CTCTT	59.2878593959	0.896503088717	1.30028067827	0.31137707903	64.48375979
CTGAA	60.6063418716	1.41984817409	1.28652167091	0.214834312367	204.11541968
CTGAC	55.1086843764	0.8123509456	1.25201901959	0.208210950893	196.42703045
CTGAG	59.4570040475	1.42695810125	1.32861848737	0.211130381159	59.04500839
CTGAT	57.7416707934	0.878833990876	1.30234799892	0.231121993106	144.76100128
CTGCA	55.5868076391	1.89380177994	1.39078316727	0.27280840968	184.91213943
CTGCC	52.6312080612	1.45494431154	1.34120528541	0.255522243323	135.85055008
CTGCG	54.4382640229	1.4096851416	1.35526961129	0.236540817905	168.57145359
CTGCT	54.7923847291	1.73656260293	1.33652060247	0.289389000501	170.92221497
CTGGA	59.4253963429	1.15074471793	1.22002423608	0.174356117612	148.48923242
CTGGC	55.5320321397	0.538347140156	1.15593408416	0.144482117555	190.14185528
CTGGG	58.3295640351	1.12980849665	1.18163913608	0.143917504558	91.49518566
CTGGT	58.4985094534	0.670724506173	1.21230588604	0.19966331171	98.8307095
CTGTA	52.69904986	0.515453184682	1.29652915882	0.222919888769	62.47053529
CTGTC	47.9571541932	1.03332952963	1.34656800733	0.253467624267	84.09217639
CTGTG	51.7110173293	0.641297066337	1.1438836008	0.0979391771648	64.93412462
CTGTT	50.0377995398	1.21846863614	1.27699538265	0.20171734396	135.78168992
CTTAA	55.6393870549	1.0859798903	1.26656843012	0.291512522318	69.23992639
CTTAC	52.0704043565	0.851249909867	1.11923207444	0.10858321599	57.59299993
CTTAG	56.1606800658	1.2002050133	1.31647979926	0.204366092355	14.57113118
CTTAT	54.4659481937	1.84063505985	1.18851198866	0.170804486033	57.77610588
CTTCA	48.4554394521	1.16285975677	1.41715839497	0.347559642615	103.27566796
CTTCC	46.0944295511	0.756294731436	1.2488085804	0.24655764327	92.87350386
CTTCG	48.1823790513	0.8322649506	1.36786713189	0.27726991917	69.24375272
CTTCT	47.5734281972	1.08245709252	1.18166707691	0.15064169104	64.91515744
CTTGA	51.3080812915	0.52217927354	1.15181521072	0.106114218009	55.32407839
CTTGC	48.3356210856	0.321623801075	1.13810543392	0.131411506822	78.8327928
CTTGG	50.9339928385	0.822925021388	1.22746378911	0.246713346374	30.01361787
CTTGT	50.753098594	0.700114755858	1.13861324832	0.104799350069	38.85341867
CTTTA	46.6384946914	0.684812610959	1.21520252189	0.217863052856	81.67824149
CTTTC	43.2339309285	0.529628714009	1.18015044019	0.257418307398	97.42885971
CTTTG	46.2258063399	0.702700283768	1.14510306192	0.164534886424	84.8284362
CTTTT	44.7543083301	0.783044698271	1.12288787817	0.154312491181	125.0997902
GAAAA	66.8046791237	1.41692469419	1.22773070325	0.174777291751	262.579921
GAAAC	63.3419287825	1.48239942978	1.32798389807	0.218967304387	146.60743626
GAAAG	66.6614571503	1.27712563734	1.25131213846	0.21909518115	181.92781024
GAAAT	66.1980625423	1.53619800118	1.39676632678	0.291943683895	180.01725131
GAACA	58.2479314166	1.09859050129	1.28199285365	0.227923912143	161.95370019
GAACC	55.931946796	1.02629559855	1.32452658091	0.222899514865	69.16035243
GAACG	58.0366712374	1.01740236871	1.30106532129	0.244346405692	118.79245068
GAACT	57.8205363904	1.15255202128	1.24971581289	0.185528375727	99.61843876
GAAGA	66.9745493051	1.45067454273	1.29491799778	0.16425271489	165.44571305
GAAGC	63.2774598184	1.60848127575	1.36723369255	0.240536004403	151.15800829
GAAGG	65.688580787	1.33229986307	1.31256937867	0.220427219034	113.98401145
GAAGT	65.1174562661	1.74596963236	1.55585271648	0.391057787505	103.28189433
GAATA	59.9342806758	1.50902852182	1.3917103427	0.282673815624	105.48427876
GAATC	57.179006257	1.92988682865	1.46607780782	0.260094037133	104.28977516
GAATG	59.8192462434	1.44545039314	1.34147375354	0.221977994722	134.67568691
GAATT	59.7264694287	1.6321559793	1.48066170667	0.309631037777	85.90052171
GACAA	63.6930405229	0.950560674946	1.1006673694	0.169684414213	77.31572517
GACAC	61.3235961882	2.30861060085	1.20932173956	0.184840369164	52.01306731
GACAG	63.6577103474	1.16192983961	1.09825841853	0.129826661177	134.84363855
GACAT	63.3628863492	1.22681822895	1.1724865732	0.175898901003	71.74865817
GACCA	61.4644814285	2.61198771753	1.1751707469	0.204472562436	75.72027971
GACCC	56.8938410753	0.714627447443	1.12728526891	0.136555178287	55.86026694
GACCG	63.276040669	1.05372008053	1.11873629831	0.156445331477	78.1333697
GACCT	59.268184329	1.23682369574	1.20571853337	0.277987125199	62.4374598
GACGA	63.1991881109	1.67203106475	1.12776199306	0.146689071449	101.84451027
GACGC	60.6589787483	0.904884152903	1.11979557365	0.141549965334	102.50968232
GACGG	61.7551267002	1.1328412595	1.19330588635	0.199039431307	101.05291663
GACGT	61.1647551676	0.571330292459	1.15606959251	0.116512795885	97.89380754
GACTA	59.42959469	0.726819072396	1.08384717886	0.147093838492	31.08286907
GACTC	57.185908411	0.381297317936	1.08147489192	0.0836898609558	49.23296846
GACTG	58.744164017	0.510992499775	1.11759151182	0.129374750141	83.07391361
GACTT	58.1140215634	0.561920757664	1.24419540194	0.251662984567	44.81347531
GAGAA	68.5150092996	1.52320696499	1.236127113	0.160548947988	102.73883291
GAGAC	63.5171016112	1.60841145231	1.2711371436	0.192272243682	50.79904917
GAGAG	67.5632345844	1.27934430171	1.21705606467	0.123662534078	67.43253013
GAGAT	66.498110933	1.30819772241	1.27649975157	0.197785016121	62.80122292
GAGCA	60.7647508752	0.991441337778	1.18641427187	0.166462755384	154.28223306
GAGCC	58.4754905599	0.68737398388	1.12426242796	0.126341303468	62.78152835
GAGCG	60.9057255749	0.967835223141	1.18618929487	0.17503872556	92.39576893
GAGCT	60.4750378237	0.799131176824	1.15890671036	0.152325026204	67.89813938
GAGGA	65.5127018093	0.942597262418	1.21682657073	0.134371567536	82.96007722
GAGGC	62.0349642642	1.48433913624	1.25754915855	0.147714045489	103.67002623
GAGGG	64.7405081651	1.23662218631	1.27454343794	0.190351357713	60.01032792
GAGGT	64.5483270183	1.04086997114	1.2992231434	0.215199305699	72.92156388
GAGTA	58.8410085352	1.13367095298	1.35948839624	0.231720441337	44.12231289
GAGTC	54.4801465901	1.83988984076	1.563264194	0.372345037082	69.86804314
GAGTG	58.3963873718	1.39257149051	1.40860838837	0.296151082915	82.65475671
GAGTT	56.6253376919	1.37745037641	1.43108753367	0.247844121536	100.84212236
GATAA	58.3231522676	0.833096432324	1.14139759251	0.162045279816	131.66056683
GATAC	55.4355495852	0.823307588854	1.21128894151	0.16512191541	96.60341432
GATAG	57.9321260547	0.94595594969	1.21105828725	0.20116868035	45.70587
GATAT	56.9130345123	0.64458921619	1.11726365001	0.109679369598	104.71422459
GATCA	51.9887800026	0.779224143275	1.25701959858	0.217198964506	94.26719163
GATCC	50.1313204575	0.897189685893	1.18522313489	0.155926055112	62.77178822
GATCG	51.9684635028	0.884566239445	1.21371631239	0.212628238683	53.80085889
GATCT	51.6574195398	1.28287093923	1.30783181847	0.3428343873	47.95289932
GATGA	55.2054836097	0.805092866022	1.19689448498	0.179128716435	220.28977411
GATGC	51.5749228998	0.904056202291	1.32118358597	0.234576250098	232.7521703
GATGG	54.4054599846	0.819936583535	1.18524742901	0.163996339349	158.39501831
GATGT	53.6327350978	0.665660872428	1.24976466013	0.217813573374	110.9494053
GATTA	50.4827897959	0.873502918463	1.29200977949	0.225062071017	110.22811046
GATTC	47.0695808713	0.785059021048	1.46374342798	0.315394939712	76.24534807
GATTG	49.9556650022	1.02792414046	1.36966199583	0.299258185476	101.61591603
GATTT	48.4034826563	1.30091705824	1.42579465863	0.291921138808	172.44111607
GCAAA	67.2081925471	1.04615496662	1.230492183	0.179719430563	154.28164158
GCAAC	63.5579872421	1.35022283793	1.3466487529	0.199577497201	138.04181338
GCAAG	67.2476859168	0.94627235191	1.19216552356	0.110540390042	48.45105357
GCAAT	66.3813512837	1.19746253696	1.34510621627	0.233937593919	185.27875131
GCACA	63.6528888884	0.853388584091	1.18350986604	0.197178117884	67.50397329
GCACC	61.8834574777	0.836954595031	1.18238626568	0.195227023142	79.41109578
GCACG	63.3643124636	0.714666425844	1.12348083076	0.105600258106	81.38288084
GCACT	63.3550065514	0.937215864841	1.16871904761	0.177562014832	73.00034261
GCAGA	68.6213900534	1.12816337032	1.18511987712	0.157091029327	278.31572624
GCAGC	65.1842071015	1.49772906108	1.33428939753	0.309400739894	229.18299916
GCAGG	67.9303002582	0.789705983496	1.19014942257	0.149305780236	194.00550539
GCAGT	67.4484174538	1.38793389595	1.56326828619	0.427929824668	142.41067592
GCATA	64.7155134927	1.03161842868	1.14331802959	0.127251932491	90.71852149
GCATC	62.2561861601	1.29168751942	1.313974221	0.227445407058	144.00365333
GCATG	64.4249104777	1.12031863585	1.33327999506	0.327459964475	110.34743202
GCATT	63.2416050877	1.74805225358	1.55211169168	0.42331362138	168.43787331
GCCAA	67.0471500928	0.694273714524	1.13979440865	0.154029592009	80.02985157
GCCAC	65.3593118199	0.594086244061	1.09566641745	0.135040068668	80.58655801
GCCAG	67.4862826999	1.05699125249	1.1454266347	0.193559520004	180.98722467
GCCAT	67.287630268	0.81241274461	1.14501846244	0.182610858448	139.39394076
GCCCA	63.9704840191	0.714730294504	1.09417309066	0.130558642982	45.11752891
GCCCC	63.5464216908	1.51728467176	1.17117429716	0.264951699354	31.11959441
GCCCG	64.3513814066	0.768970164213	1.09844447315	0.147329417628	109.2444854
GCCCT	63.2793291923	0.407975981711	1.1337772063	0.168598658807	38.96430036
GCCGA	67.0177573227	1.00747969698	1.14384174654	0.191398407395	65.72393251
GCCGC	64.9210728607	0.461398993405	1.11830478505	0.148012776688	140.17738222
GCCGG	66.2418679824	1.05671318417	1.15143448201	0.163793844335	190.89143754
GCCGT	66.1794366238	0.845447111663	1.24280778823	0.22193925379	102.69058817
GCCTA	64.2839908921	1.14036059603	1.11718461383	0.108701551288	28.60871251
GCCTC	61.6263738104	0.568516086424	1.16006757552	0.209722797871	46.20873037
GCCTG	63.4770869038	0.742381657279	1.21563968134	0.217832034291	139.88711279
GCCTT	62.7797425575	0.706470141426	1.30964194264	0.231014678025	61.33393004
GCGAA	69.54194285	0.895814421892	1.18124046391	0.124171600019	106.73050194
GCGAC	65.6830772156	0.883140822752	1.14121055371	0.146035463454	122.660459
GCGAG	69.2968617225	1.15877489481	1.35968409598	0.32151273261	84.4703723
GCGAT	68.2895279366	0.980744099684	1.21053134835	0.157227414778	123.97369815
GCGCA	64.4070862115	1.00405882944	1.18525181128	0.233822145707	127.30303011
GCGCC	62.6001318475	0.777581268136	1.13350824089	0.203953814196	96.35225646
GCGCG	64.3323269787	0.721099450504	1.14659184069	0.196176264	94.24396143
GCGCT	63.9484735188	0.924777933432	1.13682755295	0.144738586986	136.62331087
GCGGA	66.2229165148	0.785577776903	1.20435428138	0.144661363316	98.87479068
GCGGC	62.4333842037	1.41532646175	1.54161737866	0.505648312559	216.14458658
GCGGG	65.4706910085	0.719071974559	1.24062080998	0.199546126552	103.97993507
GCGGT	64.8397578421	0.907348088899	1.33739484884	0.251266737947	151.23226561
GCGTA	58.1908978175	1.74306271873	1.40197372175	0.202115128012	91.52274365
GCGTC	53.3582452767	2.33025341684	1.60398040009	0.330476276412	89.84196861
GCGTG	57.7944727726	1.47525981041	1.42887920353	0.227551219916	182.2453542
GCGTT	55.5051633366	2.16746472862	1.57849128092	0.301875985723	100.84405223
GCTAA	63.0301743931	0.731155723565	1.14270383906	0.187449390793	61.28701754
GCTAC	59.9211998409	0.802910574841	1.14739340154	0.162391460147	42.75059081
GCTAG	62.0769290735	0.295153146161	1.01077684352	0.06285865872	9.41204949
GCTAT	61.5710345021	0.764856281775	1.07619766042	0.0857828688605	59.46144749
GCTCA	57.8060880502	0.642835805423	1.15999697236	0.199693543955	129.14430939
GCTCC	56.3001009853	1.2548598296	1.23334133913	0.232107334269	48.82873943
GCTCG	57.761651486	0.744586070109	1.15603179935	0.22930524173	57.53468459
GCTCT	57.1432168607	0.586451379328	1.06935089424	0.114456850647	85.17663787
GCTGA	57.6167369504	1.22954126147	1.23081937141	0.195902765459	206.30160488
GCTGC	53.1064660737	1.24454102875	1.38159105005	0.299346640613	239.30227876
GCTGG	57.7077293335	0.667292155715	1.17148889821	0.158270239457	241.15902358
GCTGT	56.4432140933	1.04678063621	1.26383780234	0.23920602034	98.35212843
GCTTA	53.3748303849	1.42593510432	1.30494309763	0.199076106682	80.05844611
GCTTC	48.7767480321	1.71575808581	1.45449945913	0.321287903759	94.69314137
GCTTG	52.2917328845	1.41654532197	1.26310893737	0.235254797348	85.38108657
GCTTT	50.3357901113	2.16211690838	1.48403482839	0.374355751313	133.61447904
GGAAA	74.9119765494	2.01082357142	1.55736641097	0.256273143753	198.3208241
GGAAC	69.7362454468	2.32439467455	1.5275088986	0.167971738749	73.85341113
GGAAG	74.4308083352	2.19248494042	1.52417408803	0.234219436841	164.24035222
GGAAT	73.7360147433	1.72086443785	1.69946701646	0.323409418699	105.36221429
GGACA	62.0222828675	1.99187288845	1.25310812127	0.168141642558	80.4270797
GGACC	58.7471525421	1.28687200761	1.2857491594	0.259484850352	41.84066506
GGACG	61.3978904971	1.52515144617	1.20959868214	0.126194097315	91.36491434
GGACT	59.710786599	1.87342854874	1.36867000846	0.258790001631	33.56633671
GGAGA	72.3411004969	2.19745347013	1.50112984808	0.229372407545	97.38807515
GGAGC	67.9476632722	1.65813740718	1.52997560627	0.160895949848	57.66574514
GGAGG	71.9358372018	2.31229743651	1.56969409592	0.303910981986	131.48383379
GGAGT	70.5106221406	1.78722944955	1.69165635913	0.283263238779	79.49271887
GGATA	64.2667753916	1.85903991812	1.48901003582	0.190175691469	108.30109816
GGATC	60.9705261571	1.93960327069	1.51055491948	0.206950139521	65.56615631
GGATG	63.6842961231	1.65489009065	1.46989263701	0.207164699267	183.79632432
GGATT	63.1069322807	2.57738516428	1.68614852517	0.358460209552	127.16210432
GGCAA	71.3756494296	1.27476601895	1.40705910741	0.267664855575	160.03347277
GGCAC	69.1569663399	1.15593264866	1.22947794242	0.127931958492	87.58955808
GGCAG	71.2759513451	1.53528669271	1.4182035704	0.235545782707	222.74459711
GGCAT	71.1718677679	1.34680828827	1.36702804725	0.241923671496	151.36222218
GGCCA	64.9382053747	1.59182837586	1.22148512583	0.157854205739	105.48043104
GGCCC	63.3057725395	1.04137401251	1.15417675438	0.14168703148	25.7901415
GGCCG	65.598083093	1.33692382336	1.16432128391	0.0879536872408	55.86243071
GGCCT	64.8025067369	0.98896334995	1.22208174585	0.180507640119	49.53834734
GGCGA	71.1697626451	1.52205892673	1.44841548681	0.311788805592	153.65962224
GGCGC	67.5290023246	1.40380307037	1.2515298324	0.168676704005	167.96921814
GGCGG	69.5041477078	1.45553024931	1.35085334469	0.220421339238	216.45184629
GGCGT	68.3872535859	1.34655201482	1.41243447885	0.272034072218	144.26719386
GGCTA	65.8588451955	1.07952845665	1.21210058261	0.167335429795	62.38807864
GGCTC	63.963980685	1.01502292525	1.27598818685	0.191310421703	80.55117667
GGCTG	65.5756741513	1.24801823977	1.41621518231	0.323822987832	202.67471912
GGCTT	64.7256001372	1.49769819788	1.6809074914	0.435070033131	101.4382304
GGGAA	71.73084645	2.58762644404	1.54646156361	0.230149632092	125.40330882
GGGAC	64.6846680354	2.18689436299	1.37324778691	0.151417084752	42.13261817
GGGAG	70.2523582272	2.55330185925	1.57253512984	0.239229973761	53.40704558
GGGAT	68.9651526456	2.19506765433	1.57994488761	0.296273208979	171.7372978
GGGCA	62.5304009282	2.36183023316	1.53895787204	0.281016194299	122.84312723
GGGCC	60.4533744487	1.75800064161	1.41316814049	0.185501511748	42.12519441
GGGCG	62.3611664891	2.57909721836	1.52384027959	0.294488250753	116.12951735
GGGCT	62.4703353486	2.52457160085	1.56465611746	0.349729862453	64.23823374
GGGGA	68.1878533414	2.19625381771	1.47892797688	0.216337052117	104.75802597
GGGGC	64.8148420177	1.29375160456	1.39891379212	0.225706923866	63.9301367
GGGGG	66.4758295561	1.87982301256	1.39373702121	0.115686068384	61.93426333
GGGGT	66.3933782135	2.04902654339	1.44417191046	0.158830345784	25.32312953
GGGTA	60.7738847831	1.61611664882	1.34343975374	0.172898573661	35.38107116
GGGTC	56.5523337564	1.77289908684	1.47668673314	0.154236804943	24.0653052
GGGTG	59.6084967022	2.36642245883	1.42678515416	0.194657293197	62.513925
GGGTT	58.2425098097	1.82862763371	1.51497272971	0.233862494488	72.07211832
GGTAA	58.5856523307	2.52227130333	1.32283507835	0.153502910151	78.07230514
GGTAC	54.846057556	1.9488340985	1.29775582011	0.160513481433	47.75340997
GGTAG	57.687975179	2.23585691671	1.39831011696	0.193100485142	20.35482401
GGTAT	56.0068226289	1.99628406516	1.34576587668	0.241615856541	67.66155665
GGTCA	50.3809911183	2.25142293286	1.37596091671	0.271979816135	114.62860167
GGTCC	47.969435912	1.68272247515	1.38529615685	0.278013684039	31.68380806
GGTCG	49.6623964749	2.02547325928	1.36478307391	0.236865943637	71.74110155
GGTCT	49.3939023278	1.67154624026	1.23624326893	0.0958587386447	39.34933211
GGTGA	54.9134087916	2.16979524483	1.28517784877	0.119816900957	168.0021478
GGTGC	50.8008118966	1.42796144559	1.28332375691	0.169116679408	113.70263032
GGTGG	54.0485655569	1.94533016359	1.29374626502	0.118039629889	135.9954203
GGTGT	53.2317007099	1.4361148937	1.30904663833	0.150622209081	98.21569275
GGTTA	48.6958200359	1.43899886872	1.29186329994	0.197022285682	87.2263505
GGTTC	45.8032379082	1.40633325331	1.32520242359	0.176016320883	44.78834808
GGTTG	48.9846342788	2.03546651696	1.28772470112	0.206995100597	89.7582399
GGTTT	47.9950201837	2.34119094307	1.44454001038	0.321341655188	98.62859129
GTAAA	63.2429455659	1.04723693949	1.22752106936	0.190073997989	90.86013492
GTAAC	60.4295040377	1.18980280013	1.13050083629	0.129287891117	63.30748578
GTAAG	63.531203621	1.17771726287	1.26881948475	0.207092416504	61.03774167
GTAAT	63.1021501004	1.31236794834	1.19942988958	0.194728719223	122.34969378
GTACA	58.2193635406	1.04850717785	1.25227617464	0.272984815299	63.77383911
GTACC	56.5252833722	1.21388599623	1.11221685522	0.194261081785	48.79529555
GTACG	57.7114514006	1.05280508663	1.13104758344	0.154503062298	44.77255022
GTACT	57.8605736961	1.32261006323	1.22180854321	0.234830430985	46.74184511
GTAGA	62.580986282	0.883922079164	1.19675429394	0.126777945813	20.47890685
GTAGC	60.6044098383	1.13933710892	1.13318850129	0.0681563784964	34.73974556
GTAGG	62.183105509	1.22014206585	1.22593711359	0.137974427279	19.57077545
GTAGT	62.0860415313	0.840122683915	1.2100197422	0.113757952965	40.52486052
GTATA	58.3950594483	0.854233573002	1.21361876296	0.203340907065	35.55367651
GTATC	56.3386311332	0.930439786684	1.18192371396	0.219696246536	73.18423931
GTATG	58.0946238712	0.75409069078	1.12037811449	0.125819715087	108.11800461
GTATT	57.4979960336	0.908849773996	1.27361879034	0.224858883571	83.59474129
GTCAA	59.659297604	1.48950059724	1.44624479442	0.346449886844	58.34402562
GTCAC	58.1938176393	1.43831608405	1.33108671795	0.310916236806	81.77694812
GTCAG	59.4788690027	1.51589825162	1.39290524034	0.301944818067	181.33759211
GTCAT	59.3445627269	1.4707781113	1.48312256095	0.426767021634	105.0512805
GTCCA	55.749318086	1.78137018986	1.41475054226	0.348566789489	48.39233143
GTCCC	54.4620520403	2.0854819686	1.26579658165	0.210475458719	25.103511
GTCCG	55.2233686048	1.28307017023	1.35709227101	0.3167031298	107.74542555
GTCCT	54.642058378	1.46747763746	1.21076210621	0.175479334713	59.7225954
GTCGA	59.1001047998	1.17485808734	1.34223401957	0.266396427462	53.16115528
GTCGC	57.7957564081	1.41093420236	1.35444353876	0.282839447485	99.10311744
GTCGG	57.8805180875	1.60106281648	1.35642299655	0.308789428876	77.15854742
GTCGT	57.9372884438	1.27985217375	1.47534990397	0.345835817837	68.01243202
GTCTA	56.6771107363	1.32347950668	1.34497921346	0.32758172672	16.50768595
GTCTC	54.3843873446	0.998484618591	1.27533068132	0.277071719575	39.48206848
GTCTG	55.3041263758	1.45052278658	1.28259175287	0.234768522952	117.71881664
GTCTT	54.7763778392	0.876104141216	1.18485791505	0.172077080469	57.75540207
GTGAA	59.1948156792	2.10049593295	1.40152588118	0.303530931213	162.58862729
GTGAC	54.52078205	1.54501311082	1.19653117137	0.171121255648	106.79192526
GTGAG	58.0678261688	1.84423214715	1.32801468789	0.236745484102	112.26579972
GTGAT	56.9041011751	1.46868510553	1.23211089645	0.169162391595	117.6871106
GTGCA	53.1889176813	1.77699424258	1.50415817981	0.420417592936	114.47412762
GTGCC	52.4128199471	2.16909278034	1.30067247142	0.236637511798	76.0412161
GTGCG	53.5941363097	2.03529698724	1.401615671	0.332033776898	126.3087555
GTGCT	53.027843178	1.98089472266	1.30772660267	0.266281742097	138.03310698
GTGGA	57.2832192538	1.5834845926	1.32137719299	0.246945381202	142.20005708
GTGGC	54.8669604629	0.937456388987	1.1978140562	0.169511048248	151.78752626
GTGGG	56.9121533433	1.47612521442	1.23049023532	0.173530458098	66.47397125
GTGGT	57.0207972438	1.46148108193	1.29410514457	0.189756618096	112.52835623
GTGTA	52.0332012742	0.692298479076	1.18122255153	0.174785788701	49.6696589
GTGTC	49.6524888376	1.07460491458	1.18935373582	0.14626611342	56.86495489
GTGTG	51.5483737406	1.32499149464	1.1886322575	0.119373392982	67.76072823
GTGTT	50.1978752645	1.02634969992	1.19953787149	0.134165715992	72.71573632
GTTAA	53.1005554809	1.5135650848	1.23257188381	0.220130494712	108.09042236
GTTAC	51.0951086016	1.27154640668	1.15586954158	0.164924725122	73.77301118
GTTAG	52.8147710986	1.66295870129	1.23624015058	0.207559091579	35.20127499
GTTAT	51.8445705561	1.19397304421	1.20175134018	0.229278682891	108.28272247
GTTCA	47.2648141994	1.82712363388	1.36941105676	0.365649791872	101.83801249
GTTCC	44.6873210139	1.04137666312	1.16754551222	0.167661600042	76.04985914
GTTCG	46.805222437	1.29310544725	1.40785002857	0.364697710873	73.19671314
GTTCT	46.0057965246	1.50721506398	1.3044327036	0.303069009265	99.51794148
GTTGA	50.0974012173	1.14190701461	1.2034916071	0.233340882634	111.31617462
GTTGC	47.7892086512	1.12884601882	1.14666034077	0.141395165912	99.76234161
GTTGG	49.8478287852	1.32647532447	1.20190159075	0.208501243821	60.15613298
GTTGT	48.976015854	1.29020923588	1.10463270816	0.15186953565	75.45197241
GTTTA	45.8381256697	1.35489010654	1.18566742199	0.210981837088	79.48198777
GTTTC	43.0342229259	0.903305373359	1.16684657718	0.202630719236	115.35918148
GTTTG	45.6791113702	0.900276187011	1.16117207211	0.187219750133	71.19717072
GTTTT	44.6202260057	1.12932220162	1.101967545	0.160639128334	126.13814082
TAAAA	65.0845960665	0.893802649868	1.13172543595	0.121209978401	120.93211155
TAAAC	61.2703543564	0.835312046679	1.14410941695	0.157945724002	74.01685849
TAAAG	64.9625750172	0.720939324983	1.10579879474	0.0827518398287	65.47573739
TAAAT	64.1670740391	0.613897692477	1.16672011308	0.104365301407	97.18216871
TAACA	58.617660117	0.627840976256	1.07122375835	0.103531696539	89.35422825
TAACC	56.4626310274	0.476064666589	1.0762873052	0.0994270003056	81.07056496
TAACG	58.4501388826	0.622866183129	1.0667096626	0.138182027506	75.02561672
TAACT	58.249818594	0.507751600982	1.10286839576	0.109836739232	50.01779972
TAAGA	65.3381574425	0.645834455362	1.15905639114	0.184988701985	30.27945013
TAAGC	62.5583545371	1.5111770995	1.22954089993	0.226582438418	58.87047891
TAAGG	64.8414392376	0.928943448182	1.15115137524	0.142705409821	72.98909876
TAAGT	64.511848898	0.549133600118	1.32895963066	0.28596130235	50.29655917
TAATA	60.2310602898	0.770129885102	1.13210867178	0.122273423443	83.23312644
TAATC	57.2937338399	1.22225161066	1.20091877195	0.186274675598	96.60602408
TAATG	59.7029929295	1.06030332726	1.19262955675	0.177069637653	110.77350564
TAATT	59.106033663	1.17741596546	1.2618091658	0.190682480603	102.21778922
TACAA	66.545985742	0.952904289867	1.15407361057	0.192925593482	63.55798764
TACAC	64.1071987722	0.869760429198	1.10144156958	0.155866635136	38.44058756
TACAG	66.1703267652	1.66798957466	1.26140314841	0.288380609599	83.34670153
TACAT	66.0326501782	0.901712787074	1.22882930502	0.292068767462	49.27968705
TACCA	61.3897321384	1.07119690066	1.1772294377	0.232162752228	55.77693566
TACCC	59.6194016921	0.710132967337	1.05589462578	0.120661021388	46.60573458
TACCG	61.2533458365	0.932362908717	1.1512531101	0.229629839337	106.60557539
TACCT	60.8256686409	1.13031199338	1.19319184385	0.261705347728	69.01574777
TACGA	65.2372805881	1.27283005238	1.1781756133	0.223502235044	54.53435038
TACGC	62.467774702	1.19366108992	1.1441080598	0.187091591702	53.59892305
TACGG	63.6539940592	1.33071060819	1.2542775334	0.290859489393	65.41010032
TACGT	63.7846935304	1.12424979002	1.28458233726	0.266360491463	48.42270964
TACTA	61.9824054027	0.596753677446	1.04022064105	0.0652003197991	26.96656496
TACTC	59.0164904216	1.20174331667	1.06951416728	0.0751991067472	41.27769347
TACTG	61.1284653032	0.739182895825	1.10510284337	0.153893535169	91.72524345
TACTT	60.2005680647	0.954222393413	1.35003634749	0.311671362239	27.50647694
TAGAA	66.7570916699	1.50883934858	1.20398541483	0.161186418818	54.2190713
TAGAC	61.8296927183	0.216470950759	1.30246097434	0.317015334064	11.11141679
TAGAG	66.3984410364	0.575412558277	1.18953958323	0.150504753992	16.39154048
TAGAT	64.5104622139	0.50072391516	1.18338775313	0.154794200227	26.99294089
TAGCA	60.974653782	0.905138420248	1.15981132179	0.144052305632	40.8447773
TAGCC	58.648569546	0.683012442451	1.13303955607	0.131699182596	28.23862191
TAGCG	60.8469297009	0.629550207267	1.11406247262	0.125070399033	28.65414843
TAGCT	60.7717990537	1.38563991631	1.16209418151	0.149226502746	21.02932447
TAGGA	63.6406026398	0.623480760129	1.31389760906	0.281424775581	14.62239422
TAGGC	60.2154702758	0.479408448753	1.20433563344	0.188270285442	23.24116333
TAGGG	65.1268384144	0.708715130281	1.26155071575	0.209962109094	4.64006828
TAGGT	63.3229394871	0.938530564359	1.2632049328	0.281427733083	16.70480782
TAGTA	57.9677202806	0.935548299146	1.19232220767	0.109559708119	36.81419393
TAGTC	54.5236616592	1.34249245161	1.37969078383	0.1903301036	20.73271948
TAGTG	57.293793307	1.07339192745	1.29914586842	0.172008072084	36.4900718
TAGTT	55.0963723751	1.79398627452	1.34759689689	0.211750412115	48.5841548
TATAA	61.5146915449	2.07785033543	1.11826264071	0.1701185685	56.80835023
TATAC	57.3019206892	1.25939189018	1.0805677423	0.136686200331	33.93716545
TATAG	59.4205401978	1.02525589919	1.08288058377	0.0966849849649	19.98890743
TATAT	59.1500163059	0.93887024106	1.06248060057	0.0755566241707	57.14666416
TATCA	54.4059369586	0.601475374214	1.13280817661	0.16754306523	133.02405104
TATCC	52.618125851	0.487612149415	1.08226988455	0.139361214163	89.44042286
TATCG	54.4594512947	0.668992400088	1.16905610907	0.223134624557	112.68126562
TATCT	53.8939687107	0.677883306112	1.07189539488	0.129153383445	114.68847549
TATGA	56.3374913142	0.648044541574	1.15071582159	0.169423754988	119.87828725
TATGC	52.3063011936	0.782191793858	1.24803008083	0.203519049631	102.36947947
TATGG	55.883582471	0.567070753891	1.10244393763	0.140003015621	84.67523797
TATGT	54.8426396635	0.534606076044	1.13943518722	0.19173026966	90.01840108
TATTA	51.480619332	0.750528796596	1.23762513286	0.228153599747	82.8012229
TATTC	47.5298977345	1.07340108656	1.24686845939	0.209498109854	81.7419154
TATTG	50.8629136685	0.515674800582	1.11906521684	0.117383580781	83.43435687
TATTT	49.100638305	1.09411339535	1.29266126589	0.265209706216	132.35070545
TCAAA	64.8127729941	1.31296737514	1.26278878337	0.206161566146	102.58087898
TCAAC	61.3324175308	1.05281397341	1.19970755736	0.118215190508	99.11794079
TCAAG	64.7864849581	1.26250384436	1.14222795407	0.12384017199	54.17695667
TCAAT	64.553553909	0.800717472464	1.28493842998	0.203908477564	87.11641027
TCACA	62.6605865314	1.09064622394	1.10974392121	0.0963198860078	53.25027986
TCACC	60.8213692261	1.10169355053	1.09743103029	0.126633509384	128.00509127
TCACG	62.0670647401	0.872911743027	1.12576751332	0.156064905147	85.23321832
TCACT	62.2793612353	0.601719583789	1.15777363063	0.127529738188	57.08611358
TCAGA	66.4051979103	1.19662095208	1.17427389509	0.188243339311	104.78927194
TCAGC	63.4575297997	0.982392012786	1.23004975033	0.212927451062	168.82252628
TCAGG	66.2989093161	0.91877216433	1.14232063432	0.177508920625	141.82880905
TCAGT	65.7160730175	1.1530889955	1.43081587467	0.405791934567	113.07248002
TCATA	63.1459033285	0.832109336551	1.28253378886	0.298420836787	78.10407417
TCATC	61.030760738	1.0278916978	1.2106245466	0.164821693724	109.78101639
TCATG	63.0471055414	1.00477950322	1.19788721827	0.17167396822	87.31383725
TCATT	62.2649142074	1.19299181244	1.36558528744	0.279833745	106.78685324
TCCAA	67.3106367835	1.07265741062	1.14669547142	0.140134906138	19.06692148
TCCAC	64.3518222308	0.843450852933	1.09214679546	0.124273880305	45.97559791
TCCAG	67.3668786983	1.4718064639	1.29380018864	0.230041694997	78.92773121
TCCAT	67.006341392	1.21350479037	1.23249318952	0.205150616769	65.18629835
TCCCA	63.8310294356	1.25158627936	1.22310958906	0.20309434292	39.49375451
TCCCC	62.505511828	1.22901713179	1.11257524785	0.179299183578	64.06430684
TCCCG	63.7391885507	1.25731808314	1.13775649994	0.175971031196	110.88249215
TCCCT	63.1177597349	1.65202547776	1.24276788165	0.277473341338	58.25674938
TCCGA	66.8887868662	1.51892667546	1.21052841648	0.194237762115	48.89481859
TCCGC	64.5787306546	1.10393643342	1.19373824913	0.217489926393	68.03367688
TCCGG	65.7909796628	1.62748326424	1.27748289152	0.244768765179	190.11407666
TCCGT	65.3616060314	1.26246688115	1.22185381626	0.224615535123	129.03059116
TCCTA	63.0395747109	1.06612959964	1.15274823953	0.200468292181	23.4991654
TCCTC	61.1493290069	0.769608088314	1.17719884472	0.157291963438	34.80992972
TCCTG	62.3869808318	1.52600370609	1.27692642672	0.266507861921	110.86171268
TCCTT	61.7632470795	0.991752139236	1.36931435684	0.34737505692	86.52230959
TCGAA	68.1543218176	1.34969043873	1.34848561613	0.349589193319	56.93747897
TCGAC	64.2406008012	0.528132811223	1.13061204015	0.136581772335	52.61997226
TCGAG	67.5948313621	1.19155851655	1.24288408937	0.15646794698	23.52552506
TCGAT	66.3536507478	1.51340727402	1.2400773573	0.236033042937	121.83837052
TCGCA	63.917520912	2.0011535694	1.18572420496	0.218816964689	90.11758636
TCGCC	61.4522333738	1.15361145494	1.09102321582	0.130856892999	76.17388242
TCGCG	63.1940044737	1.5997357263	1.25754839191	0.24687536351	75.96902054
TCGCT	63.1066434617	1.50770236661	1.15212873434	0.168261280565	66.44310505
TCGGA	63.7512915399	1.78618465776	1.15527580163	0.138503937541	40.97082522
TCGGC	60.134016286	0.868918535684	1.33919844623	0.266283244321	54.02899333
TCGGG	64.0134879077	0.839094031757	1.09795621836	0.109183811931	51.47607448
TCGGT	63.2767343013	1.04591906287	1.45562902684	0.348272611905	76.8762453
TCGTA	57.3740034451	1.97172675591	1.35427850452	0.28692759579	49.54172108
TCGTC	52.1072347249	1.70039656557	1.63805209758	0.389024704229	94.09881691
TCGTG	56.6360467797	1.92875860637	1.37350556356	0.261813812949	101.57509576
TCGTT	54.1011729839	1.93286830412	1.49777936288	0.300926744865	102.40717115
TCTAA	62.4361739245	0.797549583283	1.10018776518	0.154727867676	36.66729095
TCTAC	59.3315867576	0.356870487383	1.11649188442	0.136510498879	26.24406171
TCTAG	62.6557688071	0.40827707034	1.19923075033	0.0635129826184	4.55384503
TCTAT	60.7806538205	1.28715473264	1.15194939299	0.188709803136	46.25046408
TCTCA	58.1572351833	0.874197104354	1.08404074445	0.103226322697	55.39254344
TCTCC	56.3128697343	0.847999180238	1.08749262263	0.130525183304	50.32112132
TCTCG	58.0064644245	0.861158647776	1.12377541637	0.221589822553	46.90051984
TCTCT	57.0415004505	0.772774225554	1.11850517785	0.178205072055	80.14238876
TCTGA	56.8877962176	1.09791000413	1.16209086632	0.135912121064	108.61632598
TCTGC	52.5877709694	1.32925152339	1.20303832755	0.154602361609	190.28882588
TCTGG	57.2838930511	0.614060296132	1.09159419493	0.097885601777	127.15009671
TCTGT	55.5777420307	0.670740890899	1.1736716496	0.186041737088	93.61187783
TCTTA	52.0780506136	1.34484791255	1.15104139385	0.137098607588	28.63767282
TCTTC	47.9474123145	1.14029955952	1.24271503546	0.15993225009	76.49207496
TCTTG	51.9677380109	1.95602668457	1.24698135193	0.244190280088	58.8554045
TCTTT	49.3210441518	1.44210662913	1.26928051356	0.218289942485	115.92175819
TGAAA	69.9136543573	1.19732745602	1.43421837725	0.234992987983	215.64133661
TGAAC	65.5537731347	0.983436877199	1.34991945601	0.220025597271	165.36301413
TGAAG	70.3204709531	1.20991124326	1.47360712994	0.249282030958	181.95354903
TGAAT	68.8654701313	1.40742105388	1.51288456481	0.292049872308	178.75281824
TGACA	60.2318316092	1.39375004702	1.22996418738	0.174165734274	123.8082865
TGACC	57.9970956509	0.636591572746	1.12444733262	0.102296552062	166.65994901
TGACG	59.6865666023	1.54934634889	1.19550312096	0.150892327619	146.65651908
TGACT	60.0675310781	0.77228904704	1.21045289234	0.18111180384	67.00031019
TGAGA	67.9227544632	1.21583177548	1.37795708512	0.183605295104	66.05593155
TGAGC	63.7931211001	0.874442303366	1.41025465933	0.302955427096	139.09873693
TGAGG	67.6776416148	1.47704518274	1.42337325509	0.188723651758	89.80435745
TGAGT	66.5349146528	1.17469874248	1.49326288434	0.24567607288	103.1677416
TGATA	60.6192257191	0.762246544411	1.23111108731	0.142024257152	95.7100917
TGATC	57.8190836779	1.20221615898	1.29967110828	0.144076646345	64.71567111
TGATG	60.4736776493	0.868505785828	1.35398041725	0.216657976318	259.75797716
TGATT	59.7603961007	1.17656482206	1.50283728427	0.28721277177	139.71271621
TGCAA	69.5058342261	1.8339736657	1.50561202478	0.307209923166	145.15763046
TGCAC	66.6906980917	1.38516212681	1.43482551264	0.289914661316	87.32120687
TGCAG	69.4885300484	1.93693774356	1.59578795733	0.38330718344	237.28823629
TGCAT	68.698159524	1.40278435798	1.54325517516	0.33678127216	149.72142667
TGCCA	64.2700744254	1.68491833706	1.37500595585	0.284570255255	120.82755623
TGCCC	62.0272702744	1.24896349776	1.29644827857	0.22708233845	88.99634396
TGCCG	63.29371857	1.72448616124	1.44261957331	0.340151639366	207.70024295
TGCCT	63.1802220825	1.58913355593	1.35193428272	0.286583128932	75.65369828
TGCGA	68.2368610424	1.6976432508	1.4875418423	0.294331045425	86.08781927
TGCGC	65.5387503994	1.28849599266	1.29445460691	0.208310402773	149.1754303
TGCGG	66.940722704	1.98654334104	1.56162079276	0.378038627922	158.89639715
TGCGT	66.0681878769	1.27539757978	1.52423411366	0.311791622261	140.00996426
TGCTA	64.033531777	1.04676396101	1.29023661968	0.211102801277	47.72112348
TGCTC	61.4961462534	0.976080897749	1.18988435251	0.175926832968	138.90727347
TGCTG	63.0960929279	1.1407351663	1.3747249418	0.275832972109	315.9117587
TGCTT	62.3716720535	0.958762823371	1.45223763014	0.298843395787	131.81328783
TGGAA	67.0478767077	1.56184833051	1.53777304428	0.318334673466	140.14602866
TGGAC	60.4088626577	0.992271076639	1.21538236052	0.121729055253	73.28087207
TGGAG	65.8110287937	1.4639602589	1.54188611615	0.317346093134	90.03223607
TGGAT	64.9434926411	1.83974187897	1.55401204078	0.338882718335	130.71960946
TGGCA	60.342219224	1.51993692771	1.39750020598	0.289910213327	156.06905059
TGGCC	58.1405807283	1.35268603866	1.38257040862	0.333491966335	96.41308627
TGGCG	60.0057616057	1.50432035947	1.33005474112	0.215537740192	192.06314973
TGGCT	59.7482981964	1.63302082051	1.35393950574	0.248812492269	152.86224048
TGGGA	62.6859146766	1.14447031194	1.37182162377	0.158878311306	84.40690778
TGGGC	56.9137122967	0.729954573376	1.31503865561	0.10803512745	69.46414344
TGGGG	61.6322652496	0.984202093827	1.33644984391	0.179663660521	64.74254271
TGGGT	60.9313996972	1.20454052072	1.3687928362	0.19603951473	74.08933127
TGGTA	55.577610567	0.859768333429	1.34404994532	0.165079090308	62.38375337
TGGTC	50.9558945491	1.47127258508	1.36769739423	0.184190469783	100.83740457
TGGTG	55.2674109672	0.821830884791	1.3136549476	0.170103593211	167.4833057
TGGTT	53.0592932372	1.09102449779	1.3793981977	0.187378563309	125.04717283
TGTAA	55.0390539317	1.08824030167	1.23568881396	0.170998014652	62.3185274
TGTAC	51.4396390684	0.725969081831	1.19051709773	0.086745277645	41.60547208
TGTAG	54.6122573247	1.37103879259	1.24612119512	0.182341643591	31.90997167
TGTAT	54.2236961289	1.70523549709	1.32150520072	0.261837977621	64.98733119
TGTCA	47.1697271362	0.810948894161	1.31586607493	0.2057013342	93.0482478
TGTCC	45.7754759368	0.695319096349	1.36479920438	0.342621071583	71.85558447
TGTCG	47.2728679069	0.733384826952	1.22846657156	0.129105241881	49.52098708
TGTCT	46.7519776148	0.670752845848	1.2007863716	0.155440238424	61.91463236
TGTGA	51.549602792	0.735278819576	1.27142228092	0.193139484269	54.70493968
TGTGC	47.9939186216	0.574817788186	1.23205292208	0.182771361625	86.73759614
TGTGG	50.6960361004	0.841601076376	1.21714965659	0.150451072979	102.5427389
TGTGT	49.8483507917	1.02390513512	1.20268115739	0.125547460575	51.63143252
TGTTA	46.2858741023	0.669089383142	1.21515360214	0.19292944293	87.10425977
TGTTC	43.1720189772	0.872473476571	1.23891852269	0.199984998759	126.02610285
TGTTG	45.848534204	0.853458362145	1.21568977177	0.19161762638	89.61313994
TGTTT	44.2365246646	0.530392278548	1.11860855994	0.10261733543	124.21676401
TTAAA	63.9298404334	1.59907912089	1.28685582122	0.238116744099	86.37830786
TTAAC	61.0867445705	0.709816129401	1.07387366128	0.145703906328	97.59472305
TTAAG	64.3873365994	1.94720748101	1.28983761599	0.226946692375	62.70171235
TTAAT	63.5530312784	1.06768070216	1.23879261804	0.237910024081	139.5045817
TTACA	59.7426749462	1.37767654009	1.31115842396	0.300074150955	84.48257323
TTACC	57.8027644497	0.886939628272	1.11990579332	0.149706956026	114.44122381
TTACG	59.3332840893	1.38300208436	1.20304032702	0.169587426917	82.66931438
TTACT	59.8330456936	1.35766705889	1.20650600467	0.191527938951	82.64655289
TTAGA	63.7797762652	1.44642343708	1.31129494757	0.177266346761	30.19433213
TTAGC	61.0636425264	0.785177245242	1.11497131091	0.0960717961672	45.30231213
TTAGG	63.2371379586	1.4172712788	1.25161736375	0.109601793845	17.69198608
TTAGT	63.2678713582	0.873797997846	1.31287104013	0.28689254	47.41956289
TTATA	59.5790288821	1.01106729839	1.16793407306	0.162655921875	46.7007727
TTATC	57.0432181976	0.795654056577	1.17008823095	0.21368325719	161.66963906
TTATG	59.1822429839	0.800671658773	1.19001998517	0.203549493126	139.58839623
TTATT	58.5027498552	0.815863912541	1.29995453621	0.281805694827	140.59848298
TTCAA	62.0127025457	1.46197804292	1.57138543273	0.378141565431	90.79463506
TTCAC	60.3761098347	1.15662602666	1.37775055922	0.315124516035	88.40448455
TTCAG	61.8457696111	2.2685612382	1.59016000994	0.474297591731	157.67136206
TTCAT	61.3207958434	1.89680223628	1.55123002758	0.410758062009	124.03359466
TTCCA	57.6049017591	1.50810593012	1.55663870631	0.467136739432	92.87212154
TTCCC	56.7034429721	1.45442590971	1.33175542261	0.3426145463	132.4963004
TTCCG	57.0507380506	1.61603962699	1.43296251121	0.353254207553	148.10814144
TTCCT	56.9618391315	1.85380542936	1.46224208258	0.410656415474	89.8648193
TTCGA	61.6372975251	2.14288255634	1.51212733424	0.426105597383	54.33256648
TTCGC	59.4142516168	1.77375479617	1.43621199712	0.377982212393	93.02794356
TTCGG	60.3421312535	2.1294770819	1.51561059276	0.409368481929	59.35510402
TTCGT	60.1157094183	2.06882221527	1.49258693806	0.349054589581	110.93713542
TTCTA	57.0158829816	1.74340501881	1.34963045442	0.28192277436	45.5229284
TTCTC	55.7915310347	1.73316249544	1.258918518	0.289733209165	77.48389155
TTCTG	56.9316629922	1.75806473721	1.33269035765	0.273986493141	198.87505703
TTCTT	56.2729344931	1.20005594407	1.31386762732	0.252182976836	126.58991782
TTGAA	59.6988743514	1.37921686772	1.33862535368	0.248912742206	121.81187303
TTGAC	54.7603518462	1.23205564064	1.20132029311	0.16752043799	72.0873074
TTGAG	59.043173038	1.89714495391	1.36531365952	0.30032244031	109.45198528
TTGAT	57.4649394902	1.67194105315	1.28466210899	0.200801210697	117.45513537
TTGCA	54.6702108796	1.94960262839	1.35613710296	0.27754535417	137.23431462
TTGCC	52.8422225235	1.65804580703	1.25148820607	0.206211749795	153.70354049
TTGCG	54.1853415184	1.59068356916	1.31001258075	0.239191655329	85.1004466
TTGCT	53.9353827957	2.02131156612	1.34094685608	0.346548517197	129.17053521
TTGGA	57.7180337972	1.36524403697	1.31778052394	0.287418881509	37.73588285
TTGGC	55.1063334484	0.879889058298	1.24407502951	0.233340213675	82.26551513
TTGGG	57.521219094	0.920070043406	1.35016076031	0.296559323849	41.03218139
TTGGT	57.4972255218	1.26433505761	1.29648635144	0.2309116701	83.7681294
TTGTA	52.2965821908	0.802886964496	1.16534064231	0.166187249967	54.54264178
TTGTC	48.4890529278	1.04718226624	1.22198710757	0.183927158195	54.494432
TTGTG	51.5960630192	0.705380225825	1.13711191327	0.11342279285	74.72512947
TTGTT	50.3774264947	0.847374754247	1.23597613723	0.16686279277	93.26419922
TTTAA	54.7417819754	1.86722130651	1.26997947967	0.247146667396	119.19517792
TTTAC	51.8684632373	1.03484439513	1.18996706647	0.217371861025	135.74210544
TTTAG	54.5349009296	1.73740239049	1.27774681163	0.249758552638	64.73546397
TTTAT	53.2333102603	1.38517842076	1.18064231061	0.179448455289	174.14394264
TTTCA	48.2362627071	1.42024469353	1.3398702278	0.34553662893	137.08889399
TTTCC	46.2874304818	1.23411086623	1.32638875354	0.377282176308	138.30282756
TTTCG	48.1253241787	1.256994655	1.30821910505	0.355535063795	72.98602388
TTTCT	47.2903463223	1.29801481948	1.15679854036	0.20555971444	166.52423481
TTTGA	51.2339149008	0.736232973425	1.21506281776	0.2133438486	120.70080089
TTTGC	48.1814529002	0.528121455383	1.07915254	0.0923302154861	109.51834853
TTTGG	50.8431988938	1.08072059297	1.18590112208	0.237220773489	83.55025639
TTTGT	50.1078090072	0.875505440607	1.09065294031	0.12503117692	89.4953785
TTTTA	46.5734743468	1.02969880145	1.18230108605	0.207519423494	131.49797721
TTTTC	43.5272680203	0.544065727223	1.05734526952	0.138365850353	142.02920025
TTTTG	46.1063168661	1.00567234824	1.09170718071	0.164684991398	119.16270347
TTTTT	45.1301452921	1.04202056015	1.01109380665	0.0630668105443	106.8012027
